-- MySQL dump 10.13  Distrib 5.7.24, for osx11.1 (x86_64)
--
-- Host: localhost    Database: amond
-- ------------------------------------------------------
-- Server version	8.0.42

/*!40101 SET @OLD_CHARACTER_SET_CLIENT=@@CHARACTER_SET_CLIENT */;
/*!40101 SET @OLD_CHARACTER_SET_RESULTS=@@CHARACTER_SET_RESULTS */;
/*!40101 SET @OLD_COLLATION_CONNECTION=@@COLLATION_CONNECTION */;
/*!40101 SET NAMES utf8 */;
/*!40103 SET @OLD_TIME_ZONE=@@TIME_ZONE */;
/*!40103 SET TIME_ZONE='+00:00' */;
/*!40014 SET @OLD_UNIQUE_CHECKS=@@UNIQUE_CHECKS, UNIQUE_CHECKS=0 */;
/*!40014 SET @OLD_FOREIGN_KEY_CHECKS=@@FOREIGN_KEY_CHECKS, FOREIGN_KEY_CHECKS=0 */;
/*!40101 SET @OLD_SQL_MODE=@@SQL_MODE, SQL_MODE='NO_AUTO_VALUE_ON_ZERO' */;
/*!40111 SET @OLD_SQL_NOTES=@@SQL_NOTES, SQL_NOTES=0 */;

--
-- Table structure for table `aiPrompt`
--

DROP TABLE IF EXISTS `aiPrompt`;
/*!40101 SET @saved_cs_client     = @@character_set_client */;
/*!40101 SET character_set_client = utf8 */;
CREATE TABLE `aiPrompt` (
  `id` int NOT NULL AUTO_INCREMENT,
  `name` varchar(20) DEFAULT NULL,
  `prompt` varchar(3000) DEFAULT NULL,
  `required` varchar(300) DEFAULT NULL,
  PRIMARY KEY (`id`)
) ENGINE=InnoDB AUTO_INCREMENT=6 DEFAULT CHARSET=utf8mb4 COLLATE=utf8mb4_0900_ai_ci;
/*!40101 SET character_set_client = @saved_cs_client */;

--
-- Dumping data for table `aiPrompt`
--

LOCK TABLES `aiPrompt` WRITE;
/*!40000 ALTER TABLE `aiPrompt` DISABLE KEYS */;
INSERT INTO `aiPrompt` VALUES (1,'1차 프롬프트','너는 20년차 인스타그램 마케팅 전문가야. \n넌 아래 사용자가 요청하는 콘텐츠 기획을 4주동안 진행할거야. 이에 따라 4주간의 콘텐츠 주제 작성해줘!\n\n1. 브랜드/상품명: {name}\n2. 상품 카테고리: {category}\n3. 연관 사이트: {url}\n4. SNS 운영 목적: {reasonList}\n5. 내 상품 및 서비스의 최신 이슈나 홍보할 내용: {description}\n6. 트렌드 이슈 내용: {trendIssue}\n7. 경쟁사 내용 : {competitor}\n8. 업로드 주기: {uploadCycle}\n9. SNS 이벤트 : {snsEvent}\n10. 콘텐츠 톤앤매너: {toneMannerList}\n11. 영상&이미지 비중: 이미지 {imageVideoRatio}%\nex) 50:50이면 총 콘텐츠 중 절반은 영상, 절반은 이미지로 추출.\n12. 콘텐츠 비율: {imageRatio}\n13. 콘텐츠 방향성: {directionList}','{name},{category},{url},{reasonList},{description},{trendIssue},{uploadCycle},{snsEvent},{toneMannerList},{imageVideoRatio},{imageRatio},{directionList},{competitor}'),(2,'2차 프롬프트','너는 20년차 인스타그램 마케팅 전문가야. \n해당 주제와 제품 정보를 바탕으로 인스타 콘텐츠 작성해줘.\n\n- 캡션은 이미지/영상을 보충설명하는 텍스트와 이와 연관된 해시태그로 나뉘어. \'캡션(텍스트)\' 콘텐츠는 한글로 작성하고 한글 기준 80자 이상 500자 이하로 작성해줘. \n\n- 아래 내용으로 콘텐츠를 생성해줘. 요즘 sns 트렌드들을 반영해서 콘텐츠를 제작해줘. 사용자의 제품 혹은 브랜드의 특성 및 차별화 포인트를 분석해서 이를 콘텐츠에 담아줘.\n\n1. 콘텐츠 주제 : {contentSubject}\n2. 제품/브랜드명: {name}\n3. 상품 카테고리: {category}\n4. 내 상품 및 서비스의 최신 이슈나 홍보할 내용: {description}\n5. 콘텐츠 톤앤매너: {toneMannerList}\n6. 콘텐츠 비율: {imageRatio}\n7. 콘텐츠 방향성: {directionList}\n8. 필수 키워드 : {essentialKeyword}\n\n[예시]\nex1) 이미지인 경우\n- 설명: 오렌지와 아보카도가 색감 좋게 배열된 샐러드볼 사진\n- 프롬프트: \"Digital marketing content ideation interface highlighting feature suggestions, clean minimal UI, 4:5 aspect ratio\"\n\nex2) 영상(릴스)인 경우\n- 설명: 스크립트 내용\n(i) 오렌지를 슬라이스하는 장면\n(ii) 아보카도 껍질을 벗겨 부드럽게 자르는 장면\n(iii) 샐러드 채소 위에 얹고 간단히 드레싱 or 소금·후추 뿌려 마무리\n\n- 프롬프트: \"Digital marketing content ideation interface highlighting feature suggestions, clean minimal UI, 4:5 aspect ratio\"\n\n2. 캡션(문구) 예시\n[봄 햇살을 닮은 오렌지·아보카도 샐러드??]\n\n상큼한 과일과 부드러운 아보카도가 만나\n몸도 마음도 기분 좋게 채워주는 샐러드를 준비해봤어요.\n\n✔ 준비 재료\n• 오렌지 (혹은 자몽), 아보카도\n• 샐러드 채소 (루꼴라, 로메인, 양상추 등)\n• 적양파 조금 (옵션)\n• 가벼운 드레싱 (올리브유+레몬즙+소금·후추)\n\n✔ 만드는 순서\n1) 오렌지를 껍질 벗겨 슬라이스해 주세요  \n2) 아보카도는 씨를 빼고 먹기 좋은 크기로 잘라줍니다  \n3) 채소 위에 재료를 얹고, 드레싱 뿌리기  \n4) 적양파 다져서 올려주면 아삭한 식감이 더해져요\n\n하루를 가볍고 상큼하게 열고 싶을 때,\n오렌지·아보카도 샐러드 어떠신가요?\n#오렌지샐러드 #아보카도샐러드 #새콤달콤 #봄샐러드 #봄에한끼샐러드볼','{contentSubject},{name},{category},{toneMannerList},{imageRatio},{directionList},{essentialKeyword},{description}'),(3,'이미지 프롬프트','{imagePrompt}','{imagePrompt}');
/*!40000 ALTER TABLE `aiPrompt` ENABLE KEYS */;
UNLOCK TABLES;

--
-- Table structure for table `billing_keys`
--

DROP TABLE IF EXISTS `billing_keys`;
/*!40101 SET @saved_cs_client     = @@character_set_client */;
/*!40101 SET character_set_client = utf8 */;
CREATE TABLE `billing_keys` (
  `id` int NOT NULL AUTO_INCREMENT,
  `fk_userId` int NOT NULL,
  `orderNumber` varchar(100) NOT NULL,
  `billingKey` varchar(255) NOT NULL COMMENT 'INICIS TID used as billing key',
  `cardNumber` varchar(20) NOT NULL COMMENT 'Masked card number',
  `cardName` varchar(50) NOT NULL COMMENT 'Card company name',
  `status` enum('active','inactive') DEFAULT 'active',
  `createdAt` datetime NOT NULL DEFAULT CURRENT_TIMESTAMP,
  `updatedAt` datetime DEFAULT NULL ON UPDATE CURRENT_TIMESTAMP,
  PRIMARY KEY (`id`),
  KEY `idx_userId` (`fk_userId`),
  KEY `idx_billingKey` (`billingKey`),
  KEY `idx_status` (`status`),
  CONSTRAINT `fk_billing_keys_user` FOREIGN KEY (`fk_userId`) REFERENCES `user` (`id`) ON DELETE CASCADE
) ENGINE=InnoDB AUTO_INCREMENT=4 DEFAULT CHARSET=utf8mb4 COLLATE=utf8mb4_0900_ai_ci COMMENT='사용자 빌링키 정보';
/*!40101 SET character_set_client = @saved_cs_client */;

--
-- Dumping data for table `billing_keys`
--

LOCK TABLES `billing_keys` WRITE;
/*!40000 ALTER TABLE `billing_keys` DISABLE KEYS */;
INSERT INTO `billing_keys` VALUES (1,24,'AMOND_1752919438180_774','StdpayCARDINIBillTst20250719190428088270','540696*********3','우리카드','inactive','2025-07-19 19:04:27','2025-07-19 22:10:20'),(2,24,'AMOND_1752933290775_761','StdpayCARDINIBillTst20250719225523847456','540696*********3','우리카드','inactive','2025-07-19 22:55:26','2025-07-20 18:26:11'),(3,9,'AMOND_1752951304618_19','StdpayCARDINIBillTst20250720035536641713','540696*********3','우리카드','active','2025-07-20 03:55:38',NULL);
/*!40000 ALTER TABLE `billing_keys` ENABLE KEYS */;
UNLOCK TABLES;

--
-- Table structure for table `brand`
--

DROP TABLE IF EXISTS `brand`;
/*!40101 SET @saved_cs_client     = @@character_set_client */;
/*!40101 SET character_set_client = utf8 */;
CREATE TABLE `brand` (
  `id` int NOT NULL AUTO_INCREMENT,
  `name` varchar(255) COLLATE utf8mb4_unicode_ci NOT NULL,
  `category` varchar(255) COLLATE utf8mb4_unicode_ci DEFAULT NULL,
  `url` varchar(512) COLLATE utf8mb4_unicode_ci DEFAULT NULL,
  `description` text COLLATE utf8mb4_unicode_ci,
  `fk_userId` int DEFAULT NULL,
  `createdAt` datetime NOT NULL DEFAULT CURRENT_TIMESTAMP,
  `updatedAt` datetime NOT NULL DEFAULT CURRENT_TIMESTAMP ON UPDATE CURRENT_TIMESTAMP,
  PRIMARY KEY (`id`),
  KEY `idx_user` (`fk_userId`),
  CONSTRAINT `brand_ibfk_1` FOREIGN KEY (`fk_userId`) REFERENCES `user` (`id`) ON DELETE CASCADE
) ENGINE=InnoDB AUTO_INCREMENT=47 DEFAULT CHARSET=utf8mb4 COLLATE=utf8mb4_unicode_ci;
/*!40101 SET character_set_client = @saved_cs_client */;

--
-- Dumping data for table `brand`
--

LOCK TABLES `brand` WRITE;
/*!40000 ALTER TABLE `brand` DISABLE KEYS */;
INSERT INTO `brand` VALUES (1,'유윤지','자기개발','https://www.instagram.com/ryudeee__/','나는 마케터야. 저 url에 있는 류디라는 사람처럼 개인 브랜딩을 하고 싶어. 1인비즈니스로서 나에게 마케팅 의뢰가 왔으면 좋겠어. 콘텐츠 마케팅. 그런 콘텐츠를 제작해줘',1,'2025-06-02 18:48:18','2025-07-30 16:25:13'),(4,'아몬드','지식 콘텐츠','https://mond.io.kr/','아몬드는 마케팅 콘텐츠를 기획해주는 서비스로, 구독형 서비스야. 6월 첫 런칭을 시작으로 정식 베타 서비스는 8월에 런칭할 예정이야. 가장 중요한 건 특정한 마케팅 목적을 위해 콘텐츠 플래닝이 가능하단 서비스적 장점이 있어. AI가 발달하면서 온라인 안에서의 비즈니스는 좀 더 명확해졌다고 보여. 우리는 모두 온라인 프로필이 필요하고, 내 손안의 1인 마케터로서, 이를 홍보할 수 있는 수단이 필요해.',7,'2025-06-03 11:03:56','2025-07-30 16:25:13'),(5,'초이닷','지식 콘텐츠','https://choiyoonhyuk.github.io/','이 세상이 시뮬레이션임을 알리고 싶읍니다',8,'2025-06-03 13:34:13','2025-07-30 16:25:13'),(6,'화장품','뷰티/미용','','내가 로션을파는데 조금 네이처하고 이쁜 인스타그램 포스터 하나 만들어줘',9,'2025-06-03 13:54:45','2025-07-30 16:25:13'),(7,'세이스피치 sayspeech','지식 콘텐츠','https://v0-eight-jade.vercel.app/','세이스피치는 기흥구에 있는 스피치 학원이야. 여기의 원장님인 서차연 원장 선생님은 전문 방송인 출신, 15년 경력의 스피치 전문가로, 세이스피치 & 커뮤니케이션 대표 원장,전 KBS, MBC, TBS 아나운서,現 세이스피치 대표/원장,,분당차병원, 대기업 등 다수 기관 출강,1:1 맞춤형 코칭 및 프레젠테이션 전문가야.\n\n방송 아나운서/MC/스피치 강사 경력. 기업/기관/병원 등 출강 다수 진행하셨고, 자격증 과정 및 프레젠테이션 전문가야. 진심을 전하는 스피치, 자신감을 키우는 교육에 능하신 분이야. 이런 점을 메인으로 강조해줘. 선생님 이미지보단 스피치에 관련된 비주얼로 콘텐츠를 만들어줘.',10,'2025-06-03 18:03:15','2025-07-30 16:25:13'),(8,'아몬드 amond','지식 콘텐츠','http://mond.io.kr','신규 상품 홍보. 단돈 5900원으로 서비스\n첫사용 가능. 인스타 콘텐츠 생성으로 마케팅을 더 간단하게',11,'2025-06-04 12:57:08','2025-07-30 16:25:13'),(9,'와카와카','지식 콘텐츠','','앱얍',12,'2025-06-04 13:44:40','2025-07-30 16:25:13'),(12,'램프쿡 자동회전냄비 더뉴일립스 25년형 SC-0020','맛집/홈쿡','https://smartstore.naver.com/sunnycook1/products/11424220493?nl-query=%EB%9E%A8%ED%94%84%EC%BF%A1&nl-ts-pid=i%2FfCblqo1SCssBj9thZssssst5V-114107','생각을 돌리다\n요리를 돌리다\n램프쿡은 34년간의 주방기기 제조와 생산 경험을 바탕으로, 우리의 일상을 더욱 편리하게 만들고자 합니다.\n보다 편리하게 보다 안전하게 보다 맛있게\n램프쿡은 고객 여러분의 행복한 식사 시간을 책임질 수 있도록 최선을 다하겠습니다.',15,'2025-06-05 16:47:36','2025-07-30 16:25:13'),(13,'felix&co','패션','https://www.instagram.com/felix_nco/',' Felix & Co New Collection\n은은한 핑크피치빛 광택, 그리고 사랑스러운 디테일.\n리본을 어깨와 스커트 라인 어디에든 연출할 수 있는 투웨이 드레스를 소개합니다.\n\n고급 새틴 소재와 풍성한 셔링 디테일이\n사랑스러움과 세련미를 동시에 담아냈어요.\n첫돌, 백일, 특별한 날의 주인공이 되어줄 완벽한 드레스.\n\n\n✈️좋은 인연으로 해외 고객님의 맞춤 의뢰를 받아\n정성껏 제작하게 된 드레스예요.\n원하시는 스타일에 맞춰 제작도 가능하니\n언제든지 편하게 문의 주세요❣️\n\n클래식한 무드에 섬세한 우아함을 더한 디자인.\n어깨를 감싸는 플라워 아플리케 장식이\n고급스러운 분위기를 완성해 줍니다✨\n\n실키한 광택감이 돋보이는 고급 원단과\n풍성하게 퍼지는 플레어 라인이 만나\n작은 공주님만을 위한 특별한 하루를 만들어 드려요.\n\nFelix & Co의 감성으로,\n잊지 못할 순간을 함께하세요?\n\n? 첫돌, 백일, 기념 촬영에 어울리는 드레스\n? 문의는 프로필 속 오픈채팅으로 편하게 주세요\n\n\n? 리본 위치는 자유롭게 연출 가능해요?\n\n상담문의는 프로필의 오픈채팅으로 부탁드려요??',19,'2025-06-05 20:26:07','2025-07-30 16:25:13'),(15,'빙그레','맛집/홈쿡','','바나나맛 우유',16,'2025-06-06 19:32:15','2025-07-30 16:25:13'),(16,'크뉴','맛집/홈쿡','','계절에 맞는 음식과 관련된 걸 올리고 싶어\n겨울에는 대방어라거나\n지금은 여름이니까 여름에 맞는 음식을 해줘',17,'2025-06-08 20:32:21','2025-07-30 16:25:13'),(17,'ㄴ','맛집/홈쿡','https://naver.com','ss',25,'2025-06-10 14:23:18','2025-07-30 16:25:13'),(18,'원웰','뷰티/미용','http://www.onewell.co.kr','수돗물 잔류염소 제거 기능이 있는 유기농 효소 클렌저,\n기미제거 효과가 있는 선크림,\n미백효과가 있는 토너',20,'2025-06-10 17:40:31','2025-07-30 16:25:13'),(19,'앤서로지','뷰티/미용','http://www.ansology.co.kr','7월 둘째주에 와디즈에 런칭 할 계획이야. 부드러운 클렌징밤 화장이 잘 지워지고 저자극, 모공 노폐물 98% 제거 기능을 설명하는 글 ',21,'2025-06-10 21:38:01','2025-07-30 16:25:13'),(22,'타로마스터 연못?','기타','http://instagram.com/taromaster_yeonmot/','다양한 타로 콘텐츠 사례를 알려줬으면 좋겠어. 내 목표는 팔로워를 늘리고 타로 상담 수를 늘리는 거야. ',23,'2025-06-23 11:10:31','2025-07-30 16:25:13'),(29,'러닝','건강/헬스','','러닝 컨ㅌ텐츠\n',13,'2025-07-08 13:26:32','2025-07-30 16:25:13'),(36,'minimute','패션','https://minitmute.com/','여자 가방',9,'2025-07-12 18:44:19','2025-07-30 16:25:13'),(38,'nike','건강/헬스','','힙한 러닝 sns 광고',9,'2025-07-17 11:09:47','2025-07-30 16:25:13');
/*!40000 ALTER TABLE `brand` ENABLE KEYS */;
UNLOCK TABLES;

--
-- Table structure for table `cleanup_log`
--

DROP TABLE IF EXISTS `cleanup_log`;
/*!40101 SET @saved_cs_client     = @@character_set_client */;
/*!40101 SET character_set_client = utf8 */;
CREATE TABLE `cleanup_log` (
  `action` varchar(255) COLLATE utf8mb4_unicode_ci DEFAULT NULL,
  `count` int DEFAULT NULL,
  `executed_at` timestamp NULL DEFAULT CURRENT_TIMESTAMP
) ENGINE=InnoDB DEFAULT CHARSET=utf8mb4 COLLATE=utf8mb4_unicode_ci;
/*!40101 SET character_set_client = @saved_cs_client */;

--
-- Dumping data for table `cleanup_log`
--

LOCK TABLES `cleanup_log` WRITE;
/*!40000 ALTER TABLE `cleanup_log` DISABLE KEYS */;
INSERT INTO `cleanup_log` VALUES ('Removed content requests with >4 images',1,'2025-07-31 10:13:15'),('Removed content requests with >4 images',1,'2025-07-31 10:13:15'),('Removed content requests with >4 images',1,'2025-07-31 10:13:15'),('Removed content requests with >4 images',1,'2025-07-31 10:13:15'),('Removed content requests with >4 images',1,'2025-07-31 10:13:15'),('Removed content requests with >4 images',1,'2025-07-31 10:13:15'),('Removed content requests with >4 images',1,'2025-07-31 10:13:15'),('Removed content requests with >4 images',1,'2025-07-31 10:13:15'),('Removed content requests with >4 images',1,'2025-07-31 10:13:15'),('Removed content requests with >4 images',1,'2025-07-31 10:13:15'),('Removed content requests with >4 images',1,'2025-07-31 10:13:15'),('Removed content requests with >4 images',1,'2025-07-31 10:13:15'),('Removed content requests with >4 images',1,'2025-07-31 10:13:15'),('Removed content requests with >4 images',1,'2025-07-31 10:13:15'),('Removed content requests with >4 images',1,'2025-07-31 10:13:15'),('Removed content requests with >4 images',1,'2025-07-31 10:13:15'),('Removed content requests with >4 images',1,'2025-07-31 10:13:15'),('Removed content requests with >4 images',1,'2025-07-31 10:13:15'),('Removed content requests with >4 images',1,'2025-07-31 10:13:15'),('Removed content requests with >4 images',1,'2025-07-31 10:13:15'),('Removed content requests with >4 images',1,'2025-07-31 10:13:15'),('Removed content requests with >4 images',1,'2025-07-31 10:13:15'),('Removed content requests with >4 images',1,'2025-07-31 10:13:15'),('Removed content requests with >4 images',1,'2025-07-31 10:13:15'),('Removed content requests with >4 images',1,'2025-07-31 10:13:15'),('Removed content requests with >4 images',1,'2025-07-31 10:13:15'),('Removed content requests with >4 images',1,'2025-07-31 10:13:15'),('Removed content requests with >4 images',1,'2025-07-31 10:13:15'),('Removed content requests with >4 images',1,'2025-07-31 10:13:15'),('Removed content requests with >4 images',1,'2025-07-31 10:13:15'),('Removed content requests with >4 images',1,'2025-07-31 10:13:15'),('Removed content requests with >4 images',1,'2025-07-31 10:13:15'),('Removed content requests with >4 images',1,'2025-07-31 10:13:15'),('Removed content requests with >4 images',1,'2025-07-31 10:13:15'),('Removed content requests with >4 images',1,'2025-07-31 10:13:15'),('Removed content requests with >4 images',1,'2025-07-31 10:13:15'),('Removed test brands',2,'2025-07-31 10:13:15'),('Removed empty projects',14,'2025-07-31 10:13:15'),('Removed orphaned content',0,'2025-07-31 10:13:15'),('Removed empty brands',23,'2025-07-31 10:13:15'),('Removed inactive users without brands',2,'2025-07-31 10:13:15'),('Removed old regenerate logs',0,'2025-07-31 10:13:15'),('Removed old email notifications',0,'2025-07-31 10:13:15');
/*!40000 ALTER TABLE `cleanup_log` ENABLE KEYS */;
UNLOCK TABLES;

--
-- Table structure for table `content`
--

DROP TABLE IF EXISTS `content`;
/*!40101 SET @saved_cs_client     = @@character_set_client */;
/*!40101 SET character_set_client = utf8 */;
CREATE TABLE `content` (
  `id` int NOT NULL AUTO_INCREMENT,
  `postDate` datetime DEFAULT NULL,
  `subject` varchar(60) DEFAULT NULL,
  `imageUrl` varchar(200) CHARACTER SET utf8mb4 COLLATE utf8mb4_0900_ai_ci DEFAULT NULL,
  `aiPrompt` varchar(300) DEFAULT NULL,
  `caption` varchar(500) CHARACTER SET utf8mb4 COLLATE utf8mb4_0900_ai_ci DEFAULT NULL,
  `videoScript` varchar(500) CHARACTER SET utf8mb4 COLLATE utf8mb4_0900_ai_ci DEFAULT NULL,
  `imageToken` smallint DEFAULT NULL,
  `textToken` smallint DEFAULT NULL,
  `imageLog` text,
  `fk_contentRequestId` int NOT NULL,
  `direction` varchar(50) DEFAULT '정보형',
  PRIMARY KEY (`id`),
  KEY `content_ contentRequest_idx` (`fk_contentRequestId`),
  CONSTRAINT `content_ contentRequest` FOREIGN KEY (`fk_contentRequestId`) REFERENCES `contentRequest` (`id`)
) ENGINE=InnoDB AUTO_INCREMENT=525 DEFAULT CHARSET=utf8mb3;
/*!40101 SET character_set_client = @saved_cs_client */;

--
-- Dumping data for table `content`
--

LOCK TABLES `content` WRITE;
/*!40000 ALTER TABLE `content` DISABLE KEYS */;
INSERT INTO `content` VALUES (105,'2025-06-09 00:00:00','[영상] 서차연 원장이 직접 전하는 성인 스피치 전문 교육 노하우','user/project/ai-generated/20250606_101624_am_mRBbxJRQx4D2.png','Confident female speech instructor in a modern classroom setting teaching adult students, warm and approachable atmosphere, focus on communication skills, professional and friendly, 1:1 aspect ratio','성인 스피치 교육의 전문가, 서차연 원장이 직접 전하는 스피치 노하우를 만나보세요!\n\n용인 지역에서 이미 검증된 세이스피치의 체계적인 교육 방식과 서 원장님의 깊은 전문성으로 성인과 아동 모두에게 자신감과 의사소통 능력을 키워드립니다. 친근하고 신뢰감 있는 지도 방식으로 누구나 쉽게 접근할 수 있는 맞춤형 수업을 진행하고 있습니다.\n\n이제는 전국으로 영향력을 확대하여 더 많은 분들과 만나고 싶습니다. 세이스피치와 함께라면 당신의 스피치 실력도 한 단계 성장할 수 있습니다.\n\n#세이스피치 #서차연원장 #성인스피치 #자기개발 #스피치교육 #용인학원 #자신감향상 #의사소통능력 #전국확장 #맞춤교육 #스피치노하우','안녕하세요, 세이스피치 원장 서차연입니다.\n\n저는 용인 지역에서 성인과 아동을 대상으로 스피치 교육을 진행하며, 많은 분들의 자신감 향상과 소통 능력 향상을 도와왔습니다.\n\n우리 수업은 친근하고 신뢰감 있는 분위기 속에서, 각 연령대에 맞춘 맞춤형 커리큘럼으로 구성되어 있습니다.\n\n성인분들께는 효과적인 의사소통 스킬과 자신감 있는 발표법을, 아동에게는 즐겁고 창의적인 언어 표현력을 키워드리고 있습니다.\n\n지금은 더 많은 분들과 만나고자 전국적으로 세이스피치의 전문성을 알리고자 노력 중입니다.\n\n여러분도 세이스피치와 함께 스피치 실력을 키워보세요. 감사합니다.',1445,1780,NULL,12,'정보형'),(106,'2025-06-16 00:00:00','[이미지] 아동 스피치 교육으로 자녀의 자신감과 표현력을 키우는 방법','user/project/ai-generated/20250606_101623_am_vAWJdNwqzN31.png','confident child giving a speech on stage with a teacher supporting, bright classroom with kids engaged in speech practice, warm and friendly atmosphere, 1:1 aspect ratio','아이의 자신감과 표현력을 키우고 싶다면, 세이스피치가 답입니다!\n\n용인 지역에서 사랑받는 서차연 원장님의 전문성과 경력으로 성인과 아동 모두에게 맞춤형 스피치 교육을 제공합니다. 아동 스피치 교육은 단순한 발표 훈련이 아니라, 아이들이 스스로를 표현하는 즐거움을 발견하고 자신감을 쌓는 과정이에요.\n\n서 원장님의 섬세하고 신뢰감 있는 지도 아래, 아이들은 자연스럽게 말하기 능력을 키우며 학교 생활은 물론 미래 사회에서 꼭 필요한 소통 능력을 갖추게 됩니다. 이제 세이스피치와 함께 전국으로 그 전문성을 넓혀가고자 합니다.\n\n아이의 미래를 위한 최고의 투자, 세이스피치와 시작하세요!\n\n#세이스피치 #서차연원장 #아동스피치 #용인스피치학원 #자기개발 #자신감키우기 #표현력 #아이를위한교육 #스피치교육 #전문스피치 #말하기훈련 #소통능력 #전국프로모션',NULL,1444,1626,NULL,12,'정보형'),(107,'2025-06-23 00:00:00','[영상] 전국적으로 영향력 확장! 서차연 원장과 세이스피치의 비전과 성공 스토리','user/project/ai-generated/20250606_101626_am_pGOjzRNwzaKE.png','Confident adult woman speech coach leading a diverse group of adults and children in a modern, inviting classroom setting, bright and professional atmosphere, 1:1 aspect ratio','서차연 원장이 이끄는 세이스피치가 용인 지역을 넘어 전국으로 영향력을 확장하고 있습니다.\n\n성인과 아동을 위한 맞춤형 스피치 교육으로 자신감을 키우고, 소통 능력을 획기적으로 향상시키는 전문성으로 많은 분들께 사랑받고 있어요. \n\n용인에서 검증된 교육 노하우와 서 원장의 진심 어린 지도는 매출과 평판으로 이어져 이제 더 많은 분들에게 가치를 전하려 합니다.\n\n앞으로도 세이스피치는 모두가 말하는 즐거움을 느낄 수 있도록 최선을 다하겠습니다.\n\n#세이스피치 #서차연원장 #스피치교육 #자기개발 #전국확장 #성인교육 #아동스피치 #말하기전문가 #소통능력 #자신감향상 #학원성공스토리','안녕하세요, 세이스피치 서차연 원장입니다.\n\n저희 학원은 용인 지역에서 성인과 아동 스피치 교육으로 꾸준히 좋은 반응과 매출을 기록하고 있습니다.\n\n서 원장인 저의 전문성과 경험을 바탕으로,\n각 연령에 맞는 맞춤형 수업을 제공하고 있습니다.\n\n성인분들께는 자신감 있는 말하기와 효과적인 의사소통 능력 향상을,\n아동들에게는 창의적인 표현력과 즐거운 학습 환경을 만들어드리고 있죠.\n\n이제는 용인 지역을 넘어 전국적인 영향력 확대를 목표로 하고 있습니다.\n\n세이스피치와 함께라면 누구나 말하는 즐거움을 느끼고,\n더 나은 나로 성장할 수 있습니다.\n\n앞으로도 많은 관심과 응원 부탁드립니다. 감사합니다.',1726,1789,NULL,12,'정보형'),(108,'2025-06-30 00:00:00','[이미지] 신규 고객 이벤트 안내 및 팔로워 감사 이벤트 – 세이스피치와 함께 성장하세요','user/project/ai-generated/20250606_101624_am_K14Vz5lJdM7X.png','A friendly and professional speech academy promotional image featuring Seo Cha-yeon, a confident adult and a happy child practicing speech together in a bright and welcoming learning environment, with event banners announcing new customer and follower appreciation events, clean and trustworthy desig','세이스피치와 함께 성장하는 특별한 기회!\n\n용인 지역에서 이미 높은 신뢰와 성과를 인정받은 서차연 원장의 세이스피치가 전국적으로 여러분을 찾아갑니다. 성인과 아동 스피치 전문 교육을 통해 자신감과 의사소통 능력을 한 단계 업그레이드하세요.\n\n지금 신규 고객 이벤트와 팔로워 감사 이벤트가 진행 중입니다. 서 원장의 깊은 전문성과 맞춤형 교육으로 여러분의 스피치 실력을 차별화된 방식으로 키워드립니다. 우리 함께 성장하며 더 큰 미래를 만들어가요!\n\n#세이스피치 #서차연 #스피치학원 #자기개발 #성인스피치 #아동스피치 #용인학원 #스피치전문 #팔로워감사이벤트 #신규고객이벤트 #자신감향상',NULL,1460,1587,NULL,12,'정보형'),(141,'2025-06-09 00:00:00','개인 브랜드 \'유윤지\'의 신뢰감 있는 온라인 마케팅 전략 소개','user/project/ai-generated/20250606_044607_pm_p02WdKoGdGvD.png','Confident and approachable personal brand marketing concept, female professional inspiring trust, digital marketing strategy with AI elements, warm and friendly tone, modern workspace background, casual business attire, 1:1 aspect ratio','안녕하세요, 유윤지입니다! \n\n개인 브랜드로서 온라인 마케팅을 신뢰감 있게 구축하는 법, 궁금하시죠? 저는 꾸준한 고품질 콘텐츠와 팔로워와의 친근한 소통을 통해 차별화된 1인 비즈니스를 완성했습니다. 특히 AI 마케팅 도입으로 새로운 가치를 더하고 있답니다.\n\n혼자서도 힘있게 성장할 수 있는 콘텐츠 비즈니스 전략, 저와 함께 시작해 보세요! 마케팅의 최신 트렌드를 반영해 친근한 대화로 여러분과 소통하며, 신뢰받는 브랜드가 되는 길을 안내해 드리겠습니다.\n\n#유윤지 #마케팅 #AI마케팅 #콘텐츠비즈니스 #1인비즈니스 #개인브랜드 #온라인마케팅 #신뢰감있는마케팅 #마케팅전략 #브랜딩 #친근한마케팅',NULL,1312,1763,NULL,17,'정보형'),(142,'2025-06-16 00:00:00','팔로워와의 친근하고 다정한 소통으로 고객 충성도 높이는 법','user/project/ai-generated/20250606_044604_pm_N8Vmz3Vjd3Dw.png','A warm and friendly digital marketing workspace with a laptop showing social media engagement, coffee cup, notepad with marketing ideas, soft natural lighting, emphasizing AI marketing and personal branding for content creators, 1:1 aspect ratio','팔로워와 진심 어린 소통은 고객 충성도의 시작입니다. \n\n저 유윤지는 1인 비즈니스 마케터로서 팔로워 한 분 한 분과의 대화를 소중히 여기고 있어요. 댓글과 DM에 친근하고 빠르게 답하며 신뢰를 쌓는 것이 제가 가장 중요하게 생각하는 마케팅 전략입니다. \n\nAI 마케팅 도입으로 효율적인 소통 방식을 더했고, 꾸준한 콘텐츠 제공으로 더욱 튼튼한 관계를 만들고 있죠. 개인 브랜드를 차별화하고 싶다면, 팔로워와 다정하게 소통하는 자세부터 시작해 보세요.\n\n이 모두가 콘텐츠 비즈니스를 성장시키는 길입니다.\n\n#마케팅 #AI마케팅 #콘텐츠비즈니스 #1인비즈니스 #개인브랜드 #소통하는마케팅 #고객충성도 #유윤지마케팅',NULL,1316,1773,NULL,17,'정보형'),(143,'2025-06-23 00:00:00','일관성 있는 고품질 지식 콘텐츠로 팔로워 관심 유지하기','user/project/ai-generated/20250606_044604_pm_rGpJYkR0zmjZ.png','A confident female marketer in a cozy home office setting, surrounded by modern digital devices and notebooks, analyzing marketing strategies on screen; warm lighting, clean and professional 1:1 aspect ratio','유윤지와 함께하는 일관성 있는 고품질 지식 콘텐츠로 팔로워의 관심을 꾸준히 유지하세요!\n\n마케팅, AI 마케팅, 콘텐츠 비즈니스, 1인 비즈니스 분야에서 신뢰감 있는 전문성을 바탕으로 매일 꾸준한 소통과 전문 콘텐츠 제공이 얼마나 중요한지 알고 계시나요? 저 유윤지는 개인 비즈니스 마케터로서, 여러분과 대화하듯 친근한 톤으로 최신 트렌드를 반영한 차별화된 콘텐츠를 지속적으로 소개하며 여러분의 온라인 입지 구축을 함께합니다.\n\n무엇보다 꾸준함과 전문성이 만나야 팔로워와 진정한 관계가 형성됩니다. 작은 노력들이 모여 큰 신뢰가 되고, 결국 여러분의 비즈니스 성장으로 이어질 거예요.\n\n지금 바로 팔로우하고 나만의 마케팅 전략과 인사이트를 받아 보세요! 함께 성장하는 1인 비즈니스, 유윤지와 시작하세요!\n\n\n#마케팅 #AI마케팅 #콘텐츠비즈니스 #1인비즈니스 #개인브랜드 #온라인마케팅 #지식콘텐츠 #일관성 #고품질콘텐츠 #유윤지',NULL,1309,1830,NULL,17,'정보형'),(144,'2025-06-30 00:00:00','SNS 이벤트 안내: 유윤지 브랜드 팔로워 대상 특별 혜택','user/project/ai-generated/20250606_044601_pm_e1n7d4njYZqN.png','Confident and friendly marketing event announcement banner featuring a modern 1:1 aspect ratio layout, warm colors like soft orange and beige, with text highlights on special benefits for followers of Yoo Yoonji brand, emphasizing AI marketing, content business, and solo entrepreneurship themes','유윤지 브랜드 팔로워 여러분을 위한 특별한 혜택 이벤트를 소개합니다! ?\n\n개인 비즈니스 성공을 꿈꾸는 1인 창업자, 그리고 마케팅과 AI 마케팅에 관심 있는 분들을 위해 준비했어요. 유윤지 브랜드만의 신뢰감 있는 콘텐츠 비즈니스 노하우를 담은 지식 콘텐츠를 통해 여러분의 온라인 입지를 탄탄하게 다질 수 있습니다.\n\n이번 SNS 이벤트에 참여하시면 새로운 마케팅 전략과 AI 마케팅 활용법, 그리고 1인 비즈니스 성장에 꼭 필요한 정보를 더 가까이에서 만나볼 수 있어요. 친근하고 다정한 대화 형식으로, 어렵게 느껴질 수 있는 마케팅을 누구나 쉽게 이해할 수 있도록 도와드립니다.\n\n지금 바로 팔로우하고 이벤트 혜택을 확인하세요! 여러분의 성공을 유윤지가 함께 응원합니다.\n\n#유윤지 #마케팅 #AI마케팅 #콘텐츠비즈니스 #1인비즈니스 #SNS이벤트 #개인브랜딩 #온라인마케팅 #팔로워이벤트 #비즈니스성공',NULL,1325,1821,NULL,17,'정보형'),(145,'2025-06-09 00:00:00','마케터로서 온라인 입지 다지기: 유윤지의 실전 노하우 소개','user/project/ai-generated/20250606_045056_pm_qXGex26rxkb1.png','Confident female marketer working on a laptop with online analytics and marketing icons floating around, cozy home office setting, warm and friendly atmosphere, 1:1 aspect ratio','마케터 유윤지와 함께 온라인 내 입지를 단단히 다지는 실전 노하우를 만나보세요! \n\nAI 마케팅부터 콘텐츠 비즈니스 전략까지, 1인 비즈니스 시대에 꼭 필요한 핵심 팁들을 친근하고 신뢰감 있게 전달해드립니다. 단순한 정보 나열을 넘어서, 마케팅 현장의 생생한 경험과 단계별 방법으로 여러분의 비즈니스를 한층 성장시킬 기회!\n\n더 이상 혼자 고민하지 마시고, 유윤지의 검증된 전략으로 온라인에서 확실한 존재감을 만들어보세요. 지금 바로 시작해보세요.\n\n#마케팅 #AI마케팅 #콘텐츠비즈니스 #1인비즈니스 #유윤지 #온라인마케팅 #실전노하우 #비즈니스성장 #마케터팁 #개인브랜드',NULL,1305,1708,NULL,18,'정보형'),(146,'2025-06-16 00:00:00','신규 고객 확보를 위한 감성 마케팅 전략과 성공 사례','user/project/ai-generated/20250606_045054_pm_K3ZozWrydq9k.png','Emotional marketing strategy for customer acquisition, confident and friendly marketer woman working on laptop, digital marketing concept, cozy warm tones, 1:1 aspect ratio','성공적인 신규 고객 확보의 핵심, 감성 마케팅 전략을 소개합니다!\n\n유윤지의 지식 콘텐츠로 1인 비즈니스 마케팅에 필요한 실전 전략과 AI 마케팅 도구 활용법까지 한눈에 배우세요. 신뢰감 있는 정보와 친근한 대화체로 여러분의 온라인 입지를 탄탄히 다질 수 있도록 돕습니다.\n\n최근 트렌드인 숏폼 콘텐츠와 감성 일러스트를 접목해 감동과 전문성을 동시에 전하는 마케팅의 힘, 지금 경험해보세요.\n\n#마케팅 #AI마케팅 #콘텐츠비즈니스 #1인비즈니스 #감성마케팅 #신규고객확보 #유윤지 #온라인마케팅 #디지털마케팅 #마케팅전략 #콘텐츠마케팅',NULL,1303,1684,NULL,18,'정보형'),(147,'2025-06-23 00:00:00','팔로워 증가에 효과적인 인스타그램 이미지 콘텐츠 기획법','user/project/ai-generated/20250606_045056_pm_4PkZdM20zLag.png','An Instagram content creation workspace with vibrant colors, showcasing a well-organized layout for planning effective follower growth posts, featuring elements of marketing strategy, AI marketing tools, and solo entrepreneurship, modern flat illustration style, 1:1 aspect ratio','팔로워 증가를 위한 인스타그램 이미지 콘텐츠, 어떻게 기획하면 좋을까요?\n\n유윤지의 지식 콘텐츠를 통해 마케팅과 AI 마케팅을 접목한 1인 비즈니스 전략을 만나보세요. 단순한 이미지 제작을 넘어, 팔로워와의 신뢰 형성과 꾸준한 소통을 바탕으로 한 콘텐츠 비즈니스가 중요합니다. \n\n최근 SNS 트렌드인 감성 마케팅과 숏폼 콘텐츠를 응용하면 효과가 배가됩니다. 팔로워의 마음을 움직이는 콘텐츠를 기획하여, 마케팅 전문가로서 온라인 내 입지를 단단히 다져보세요!\n\n#마케팅 #AI마케팅 #콘텐츠비즈니스 #1인비즈니스 #유윤지 #팔로워증가 #인스타그램마케팅 #SNS전략 #신뢰감있는마케팅 #친근한브랜딩',NULL,1319,1722,NULL,18,'정보형'),(148,'2025-06-30 00:00:00','SNS 이벤트로 브랜드 친밀감 높이기: 유윤지만의 팁','user/project/ai-generated/20250606_045056_pm_jbBLxGBZYE8P.png','A warm and friendly marketing expert woman sharing tips on hosting SNS events for building brand affinity, modern digital workspace background, laptop and smartphone with marketing analytics on screen, cozy indoor lighting, 1:1 aspect ratio','?SNS 이벤트로 브랜드 친밀감 높이기, 유윤지만의 특별한 팁!?\n\n1인 비즈니스와 콘텐츠 비즈니스를 운영하는 분들에게 필수인 마케팅 전략 중 하나는 바로 SNS 이벤트입니다. 단순한 홍보를 넘어 고객과 진정성 있는 소통을 만들어낼 수 있는 기회가 되어주죠. 저 유윤지는 AI 마케팅과 최신 트렌드를 접목해 \n쉽고 효과적으로 브랜드 친밀감을 높이는 노하우를 공유합니다.\n\n✔ 이벤트 아이디어 발굴부터 참여 유도 방법까지 체계적이고 실용적인 팁\n✔ 고객이 공감하고 자연스럽게 참여하는 환경 조성\n✔ 1인 비즈니스가 온라인 시장에서 차별화되어 입지를 굳히는 전략\n\n인스타그램에서 함께 성장하고 싶은 분들께 꼭 필요한 인사이트, 지금 바로 만나보세요!\n\n#마케팅 #AI마케팅 #콘텐츠비즈니스 #1인비즈니스 #SNS이벤트 #브랜드친밀감 #유윤지 #온라인마케팅 #마케터꿀팁 #디지털마케팅',NULL,1314,1771,NULL,18,'정보형'),(157,'2025-06-09 00:00:00','바나나맛 우유의 역사를 담은 감성 스토리','user/project/ai-generated/20250606_073509_pm_6brnxnEWYPWq.png','A nostalgic, warm and cozy scene featuring a classic banana milk bottle from Binggrae with soft morning light, vintage kitchen setting, pastel colors, subtle banana motifs, evoking a sentimental and trustworthy feeling, 1:1 aspect ratio','?빙그레 바나나맛 우유의 따뜻한 역사 속으로?\n\n벌써 우리 곁에 50년이 넘게 머물러온 빙그레 바나나맛 우유! 시대를 넘어 남녀노소 모두의 사랑을 받아온 이 특별한 음료는, 단순한 맛 이상의 추억과 감성을 담고 있답니다.\n\n어릴 적 학교 앞에서 손에 꼭 쥐고 마시던 그 맛, 지금도 변함없는 우유의 고소함과 달콤한 바나나 향기는 우리 마음 깊숙이 잔잔한 행복을 선물해 주죠.\n\n최근 건강 트렌드에 발맞춰 설탕 함량도 조절하며 더욱 믿고 마실 수 있도록 진화하는 빙그레 바나나맛 우유. 언제나 친근하고 다정한 하루의 동반자로, 오늘도 우리 곁에 있습니다.\n\n#빙그레바나나맛우유 #바나나우유역사 #추억의간식 #먹스타그램 #홈쿡 #감성스토리 #어린시절추억 #달콤한우유 #건강우유 #친근한맛',NULL,1109,1755,NULL,20,'정보형'),(158,'2025-06-16 00:00:00','[영상] 제로 제품 인기 속 바나나맛 우유의 건강 포인트 소개','user/project/ai-generated/20250606_073329_pm_k81lz7Q5x70P.png','A bright and cheerful 1:1 image featuring Binggrae banana flavored milk with a focus on health benefits, zero sugar, and natural ingredients. The setting includes fresh bananas and a cozy home kitchen environment, evoking a friendly and trustworthy mood with playful accents, clean minimal compositio','건강과 맛, 두 마리 토끼를 잡은 빙그레 바나나맛 우유! 요즘 제로 제품 열풍 속에서\n우리 바나나맛 우유가 가진 건강 포인트를 소개할게요.\n\n✔ 설탕 0% \'제로\'로 간편하게 즐기면서도 부드러운 바나나의 달콤함을 느낄 수 있어요.\n✔ 국내산 원유를 사용해 믿을 수 있는 품질과 신선함을 자랑합니다.\n✔ 아이부터 어른까지 모두 좋아하는 친근한 맛으로 언제 어디서나 행복한 한 잔!\n\n요즘 웰빙 트렌드에 맞춰 빙그레 바나나맛 우유가 여러분의 건강한 일상에 힘이 되어드릴게요.\n맛있고 건강한 우유 한 잔, 함께하세요!\n\n\n#빙그레 #바나나맛우유 #제로제품 #건강음료 #홈쿡 #맛집 #헬시라이프 #웰빙트렌드 #과일음료 #친근한맛 #달콤한우유 #국내산원유','안녕하세요! 오늘은 제로 제품 인기 속에서 빙그레 바나나맛 우유의 건강 포인트를 알려드릴게요.\n\n첫 번째, 빙그레 바나나맛 우유는 설탕 없이도 부드럽고 달콤한 맛으로 많은 사랑을 받고 있어요.\n\n두 번째, 국내산 신선한 원유를 사용해 믿을 수 있는 품질을 자랑한답니다.\n\n마지막으로, 아이부터 어른까지 누구나 부담 없이 즐길 수 있는 친근한 맛으로 건강한 일상을 응원해요.\n\n빙그레 바나나맛 우유와 함께라면, 맛과 건강을 모두 챙길 수 있답니다. 오늘도 상큼하고 달콤한 하루 보내세요!',1120,1947,NULL,20,'정보형'),(159,'2025-06-23 00:00:00','할매니얼 디저트 트렌드와 바나나맛 우유의 이색 조합 제안','user/project/ai-generated/20250606_073530_pm_0ZRLzVoGYnNm.png','A cozy and nostalgic dessert table featuring traditional Korean \'할매니얼\' sweets paired with a classic Binggrae banana flavored milk, warm lighting, inviting and friendly atmosphere, square 1:1 aspect ratio','할매니얼 디저트 트렌드를 빙그레 바나나맛 우유와 함께 즐겨보세요! 전통의 맛과 현대의 감성이 어우러진 이색 조합으로, 친근하면서도 신뢰감 있는 디저트 경험을 선사합니다. \n\n추억을 떠올리게 하는 할매니얼 디저트에 부드럽고 달콤한 바나나맛 우유 한 잔을 곁들이면, 집에서도 특별한 맛집 감성을 느낄 수 있답니다. 바쁜 일상 속 잠시 쉬어가는 시간, 빙그레 바나나맛 우유와 함께 따뜻한 위트와 다정함을 즐겨보세요.\n\n#빙그레 #바나나맛우유 #할매니얼 #디저트트렌드 #맛집스타그램 #홈쿡 #추억의맛 #달콤한시간 #감성디저트',NULL,1104,1699,NULL,20,'정보형'),(160,'2025-06-30 00:00:00','신제품 출시 임박! 바나나맛 우유가 제안하는 새로운 맛 경험','user/project/ai-generated/20250606_073550_pm_75OVdDBqYraB.png','A nostalgic yet modern styled 1:1 ratio image of a chilled, classic banana milk bottle by Binggrae surrounded by fresh bananas and warm cozy kitchen backdrop, soft natural light highlighting the creamy yellow color, conveying trust, wit, and friendly warmth','?신제품 출시 임박! 빙그레 바나나맛 우유가 새로운 맛 경험을 제안합니다.\n\n오랜 사랑을 받아온 빙그레 바나나맛 우유에 새로운 변화가 찾아왔어요. 건강한 식물성 재료에 다가가며, 달콤하면서도 깔끔한 맛으로 집에서나 맛집에서나 언제나 편안하게 즐길 수 있는 음료입니다. 설탕과 유당의 부담은 줄이고, 우유의 부드러움과 과일의 상큼함을 더욱 깊이 살렸답니다.\n\n복고풍 할매니얼 감성을 담아 누구에게나 친근하고 신뢰 가는 맛으로 다가가니, 새로운 바나나맛 우유로 기분 좋은 달콤함을 만나보세요!\n\n#빙그레 #바나나맛우유 #신제품출시 #맛있는우유 #홈쿡음료 #할매니얼 #건강한간식 #달콤함가득 #친근한맛 #편안한음료',NULL,1112,1730,NULL,20,'정보형'),(161,'2025-06-09 00:00:00','[영상] 빙그레 바나나맛 우유 역사와 친숙한 맛 소개','user/project/ai-generated/20250606_073550_pm_ky81YaKrdZnQ.png','Vintage style advertisement for Binggrae Banana Flavored Milk, showcasing nostalgic and familiar packaging with a warm, cozy atmosphere, soft lighting, emphasizing the iconic yellow bottle, 9:16 aspect ratio','[빙그레 바나나맛 우유, 세대를 잇는 친숙한 맛]\n\n1974년 첫 선을 보인 빙그레 바나나맛 우유는 오랜 시간 많은 사람들의 사랑을 받아왔습니다. 부드럽고 달콤한 바나나 우유 맛은 어린 시절 추억을 불러일으키고, 현재까지도 국민 음료로 자리 잡았죠. 최근에는 아몬드와 두유 베이스의 식물성 바유 출시로 건강과 환경도 생각하는 빙그레의 변화도 주목받고 있습니다.\n\n바나나맛 우유가 가진 친숙함과 새로운 시도, 두 가지 매력을 모두 즐겨보세요! 언제 어디서나 가볍고 달콤한 행복을 선사합니다.\n\n#빙그레 #바나나맛우유 #국민음료 #추억의맛 #식물성바유 #건강음료 #맛집음료 #홈쿡 #음료추천 #9대16 #인스타정보콘텐츠','안녕하세요! 오늘은 대한민국 국민 음료, 빙그레 바나나맛 우유의 역사와 친숙한 맛을 소개합니다.\n\n1974년 처음 출시된 이후, 빙그레 바나나맛 우유는 세대를 넘어 꾸준히 사랑받아 왔는데요. 부드러운 바나나향과 우유의 고소함이 어우러져 누구나 쉽게 즐길 수 있는 맛이 특징입니다.\n\n최근 빙그레는 건강과 환경을 생각해 아몬드와 두유를 베이스로 한 \'식물성 바유\'도 출시하며 새로움을 더하고 있어요.\n\n옛 추억과 신제품의 조화, 빙그레 바나나맛 우유로 매일의 달콤한 행복을 만나보세요!',1101,1731,NULL,21,'정보형'),(162,'2025-06-16 00:00:00','빙그레 식물성 바나나맛 우유 신규 출시 및 비건 인증 소개','user/project/ai-generated/20250606_073549_pm_OZrRdB80YEL2.png','A fresh and inviting 9:16 vertical image of a glass bottle and a carton of Binggrae\'s new plant-based banana-flavored milk placed on a light wooden table, surrounded by natural elements like bananas, almonds, and soybeans; clean, bright background with green leaves subtly emphasizing vegan certifica','빙그레가 새로운 바나나맛 우유를 선보였습니다! 이번에는 더욱 건강하고 친환경적인 식물성 원료만을 사용해 비건 인증까지 획득했어요. \n\n아몬드와 두유 베이스로 만들어져 부드럽고 달콤한 맛은 그대로 유지하면서, 환경을 생각하는 소비자에게 딱 맞는 선택이랍니다. 집에서도, 카페에서도 부담 없이 즐길 수 있는 빙그레 식물성 바나나맛 우유로 건강과 맛을 모두 챙겨보세요!\n\n#빙그레 #바나나우유 #식물성우유 #비건음료 #홈쿡 #맛집음료 #건강음료 #비건 #환경을생각하는맛 #식물성 #바나나맛',NULL,1123,1514,NULL,21,'정보형'),(163,'2025-06-23 00:00:00','[영상] 바나나맛 우유로 즐기는 건강 & 홈쿡 레시피 3가지','user/project/ai-generated/20250606_073554_pm_LqbVYoZpzn2K.png','A vibrant and cozy kitchen scene showing three healthy home-cooked recipes made with Binggrae banana flavored milk. Include fresh fruits and ingredients like bananas, oatmeal, and smoothie bowls. Natural lighting, wooden table, minimalistic style, 9:16 aspect ratio','? 빙그레 바나나맛 우유와 함께하는 건강한 홈쿡 레시피 3가지! ?\n\n달콤한 바나나맛 우유 한 팩으로 집에서도 간편하고 맛있게 영양 가득한 요리를 즐겨보세요. 아이들 간식, 아침 식사, 간단한 디저트까지 다양하게 활용할 수 있어 더욱 특별합니다.\n\n✔️ 레시피 1: 바나나맛 우유 오트밀 - 부드럽고 고소한 아침 식사로 딱!\n✔️ 레시피 2: 바나나맛 우유 스무디 볼 - 신선한 과일과 곁들여 건강하게\n✔️ 레시피 3: 바나나맛 우유 팬케이크 - 촉촉하고 달콤한 홈 디저트로 추천\n\n빙그레 바나나맛 우유와 함께하는 특별한 하루, 지금 시작해보세요!\n\n\n#빙그레 #바나나맛우유 #홈쿡레시피 #건강간식 #바나나우유요리 #홈디저트 #오트밀레시피 #스무디볼 #팬케이크 #간편요리 #맛집레시피 #영양간식 #간식추천','안녕하세요! 오늘은 빙그레 바나나맛 우유로 즐기는 건강하고 맛있는 홈쿡 레시피 3가지를 소개해드릴게요.\n\n첫 번째, 바나나맛 우유 오트밀 만들기! 오트밀에 바나나맛 우유를 부어 부드럽고 고소한 아침 식사를 완성해보세요.\n\n두 번째는 바나나맛 우유 스무디 볼입니다. 신선한 과일과 함께 갈아 보세요, 영양과 맛 모두 챙길 수 있답니다.\n\n마지막으로 바나나맛 우유 팬케이크! 촉촉하고 달콤한 팬케이크가 완성되어 아이들 간식이나 주말 브런치로 안성맞춤이죠.\n\n빙그레 바나나맛 우유와 함께라면 건강한 맛과 즐거움이 배가됩니다. 지금 바로 도전해보세요!',1114,1840,NULL,21,'정보형'),(164,'2025-06-30 00:00:00','빙그레 바나나맛 우유로 매출 증진하는 매장 활용 팁','user/project/ai-generated/20250606_073555_pm_rNJXYbXGdAGB.png','A cozy retail store corner showcasing Binggrae Banana Flavored Milk prominently displayed with attractive signage, customers happily purchasing, bright and inviting atmosphere, 9:16 aspect ratio','【빙그레 바나나맛 우유, 매장 매출 UP 비법!】\n\n오랜 시간 사랑받아온 국민 음료, 빙그레 바나나맛 우유로 매장 매출을 효과적으로 올려보세요! 친숙한 맛과 안정감 있는 브랜드 이미지를 활용해 단골 고객 마음을 사로잡는 것이 핵심입니다. \n\n✔ 매장 내 눈에 띄는 진열이 중요해요. 카운터 주변이나 계산대 앞 등 고객의 손이 곧바로 닿는 곳에 배치하세요.\n✔ 계절별 프로모션과 함께 SNS 이벤트로 관심 유도!\n✔ 건강 트렌드에 맞춘 식물성 바나나맛 우유도 함께 소개해 다양한 고객층 공략 가능.\n\n작은 변화가 큰 매출 차이를 만듭니다. 빙그레 바나나맛 우유와 함께 풍성한 매장 운영 도전해보세요!\n\n#빙그레바나나맛우유 #매출증진팁 #국민음료 #맛집운영 #카페마케팅 #SNS프로모션 #바나나우유 #빙그레 #홈쿡 #맛집필수 #매장운영꿀팁',NULL,1096,1582,NULL,21,'정보형'),(269,'2025-06-18 00:00:00','[영상] 자연에서 온 피부 힐링, 로션의 비밀 성분 소개','user/project/ai-generated/20250617_015021_pm_LV51xj0NzBj6.png','A beautiful, nature-inspired skincare promotional image featuring a lotion bottle surrounded by fresh green leaves and flowers, soft natural lighting, minimalistic and elegant design, 1:1 aspect ratio','자연에서 온 피부 힐링, 특별한 로션의 비밀 성분을 만나보세요.\n\n? 화장품 브랜드의 자연주의 철학이 담긴 이 로션은 피부에 부드럽게 스며들어 촉촉함과 건강함을 동시에 선사합니다. 천연 식물 추출물이 풍부해 민감한 피부에도 안심하고 사용할 수 있답니다.\n\n매일 바르는 순간 자연의 힘을 느끼며, 피부가 숨 쉬는 듯 편안해지는 경험을 직접 해보세요.\n\n당신의 피부에 꼭 필요한 자연의 선물, 지금 바로 만나보세요!\n\n#피부힐링 #자연성분로션 #천연화장품 #네이처뷰티 #촉촉한피부 #건강한피부 #뷰티템추천 #데일리스킨케어 #자연주의화장품 #화장품브랜드','안녕하세요! 오늘은 자연에서 온 피부 힐링, 우리의 특별한 로션 비밀 성분을 소개해드릴게요.\n\n첫 번째, 로션과 함께 싱그러운 자연의 초록잎들이 등장해요. 천연 식물 추출물이 가득해 민감한 피부도 안심!\n\n두 번째, 부드럽게 로션을 손에 덜어 바르는 장면을 보여드리며 피부에 촉촉함을 전달합니다.\n\n마지막으로, 자연과 피부가 하나 되는 느낌을 표현하며 ‘자연의 선물, 피부에 담다’라는 메시지로 마무리합니다.\n\n당신의 피부에 자연의 건강함을 선물하세요!',1098,1619,NULL,35,'정보형'),(270,'2025-06-25 00:00:00','네이처 감성 담은 우리의 로션, 피부에 전하는 자연의 선물','user/project/ai-generated/20250617_015018_pm_l0vLxm66de38.png','A beautiful, nature-inspired skincare product poster featuring a delicate lotion bottle surrounded by soft green leaves, white flowers, and natural textures. The background is a light, earthy tone with gentle sunlight filtering through, evoking freshness and purity. The composition is clean and mini','자연의 순수함을 담은 우리의 로션, 피부에 전하는 따뜻한 선물입니다.\n\n풍부한 자연 유래 성분이 피부에 깊은 보습과 진정 효과를 선사하고, 매일 사용하는 순간마다 자연과 하나 되는 느낌을 경험하세요. 자연스러운 향과 부드러운 텍스처로 민감한 피부도 안심하고 사용할 수 있어요.\n\n지친 피부에 자연의 선물을 전하고 싶은 분들께 강력 추천합니다! 지금 인스타그램에서 확인해 보세요.\n\n#네이처로션 #자연주의화장품 #피부보습 #뷰티템추천 #데일리로션 #민감피부케어 #자연성분 #화장품추천 #스킨케어루틴 #뷰티그램 #피부관리',NULL,1114,1443,NULL,35,'정보형'),(271,'2025-07-02 00:00:00','[영상] 1일 1로션, 사용 방법과 피부 변화 리얼 후기','user/project/ai-generated/20250617_015234_pm_4BPNxXkDY2ly.png','A natural and pretty Instagram post featuring a skincare lotion bottle surrounded by green leaves and delicate flowers, soft natural light, clean and minimalistic design, pastel earth tones, 1:1 aspect ratio','? 1일 1로션, 피부에 자연의 선물을 담다! \n\n매일 아침과 저녁, 간단하지만 확실한 스킨케어 루틴으로 피부 본연의 건강함을 되찾아 보세요. 저희 로션은 자연 유래 성분으로 민감한 피부도 안심하고 사용할 수 있으며, 산뜻하면서도 촉촉한 텍스처가 피부 속까지 깊은 보습을 채워줍니다.\n\n사용 방법은 간단해요. 세안 후 적당량을 덜어 얼굴과 목에 부드럽게 펴 발라주세요. 꾸준히 사용하면 피부결이 매끈해지고, 건강한 윤기가 돌아오는 변화를 직접 확인할 수 있어요.\n\n자연에서 온 순수함으로 당신의 피부를 더욱 빛나게 만들어 드립니다. 지금 바로 경험해 보세요!\n\n#1일1로션 #스킨케어루틴 #자연성분로션 #촉촉한피부 #피부보습 #뷰티템추천 #건성피부보습 #민감성피부케어 #화장품추천 #자연유래성분 #뷰티스타그램 #네이처뷰티 #피부관리','안녕하세요! 오늘은 1일 1로션, 사용 방법과 피부 변화를 솔직하게 리뷰해드릴게요.\n\n먼저 세안 후 깨끗한 얼굴에 적당량의 로션을 덜어주세요.\n\n그다음, 얼굴과 목 전체에 부드럽게 펴 바릅니다.\n\n산뜻한데도 촉촉함이 오래가서, 하루 종일 피부가 편안해요.\n\n저는 꾸준히 사용한 후 피부결이 부드러워지고 윤기가 돌아 만족하고 있습니다.\n\n자연 성분이 가득 담긴 이 로션으로 매일 건강한 피부를 유지해보세요!\n\n오늘 소개한 1일 1로션으로 여러분도 피부 변화의 기쁨을 느껴보시길 바랍니다.',1101,1714,NULL,35,'정보형'),(272,'2025-07-09 00:00:00','자연스러운 뷰티, 로션과 함께하는 여름철 피부 관리 팁','user/project/ai-generated/20250617_015019_pm_KMjydLGPxJqQ.png','A natural and aesthetically pleasing Instagram post featuring a skincare lotion bottle surrounded by fresh green leaves, soft natural light illuminating the scene, minimalistic design with earthy tones, clean and elegant font text saying \'Nature\'s Gift for Your Skin\', 1:1 aspect ratio','여름철 자연스러운 뷰티의 완성, 우리 화장품의 부드러운 로션과 함께 피부를 건강하게 관리해보세요.\n\n✔️ 자연에서 온 성분으로 자극 없이 촉촉하게\n✔️ 끈적임 없이 산뜻한 사용감\n✔️ 여름철 자외선과 건조함으로부터 피부 보호\n\n바쁜 일상 속에서도 간편하게 피부를 케어할 수 있는 우리의 로션으로 자연의 힘을 피부에 선물하세요. 건강하고 빛나는 피부, 지금 바로 경험해보세요!\n\n#자연스러운뷰티 #여름피부관리 #촉촉한피부 #뷰티로션 #네이처스킨케어 #화장품추천 #피부보습 #여름로션 #자연성분 #인스타뷰티 #여름스킨케어 #뷰티팁',NULL,1114,1451,NULL,35,'정보형'),(297,'2025-06-30 00:00:00','[이미지] 자연주의 로션 소개 - 피부에 순하고 아름다움을 선사하는 네이처핏','user/project/ai-generated/20250626_071942_pm_ePAmYyRmxK3g.png','A beautifully styled 4:5 vertical Instagram image of a natural skincare lotion named \'NatureFit\'. The scene showcases an elegant wooden table with green leaves and delicate white flowers surrounding a sleek, minimalist lotion bottle with transparent and light green tones. Soft natural lighting empha','?피부에 순하고 자연을 담은 네이처핏 로션?\n\n매일매일 피부에 편안함과 아름다움을 선사하는 자연주의 로션, 네이처핏을 소개합니다.\n\n✔ 자연 유래 성분으로 자극 없이 촉촉한 보습\n✔ 산뜻한 사용감과 산뜻한 향기까지\n✔ 민감한 피부도 안심할 수 있는 순한 처방\n\n건강한 피부는 바르는 것부터 시작됩니다. 오늘부터 네이처핏으로 피부 본연의 아름다움을 지켜보세요!\n\n#네이처핏 #자연주의로션 #순한스킨케어 #촉촉한피부 #뷰티템추천 #민감피부케어 #화장품추천 #자연유래성분 #뷰티스타그램 #스킨케어루틴',NULL,1115,1569,NULL,39,'정보형'),(298,'2025-07-07 00:00:00','[영상] 화장품 사용법 가이드 - 로션으로 아침 스킨케어 루틴 완성하기','user/project/ai-generated/20250626_071950_pm_NXVRx1EjxaKb.png','Natural and elegant skincare morning routine scene featuring a lotion bottle with delicate floral and green elements, soft morning light, minimalistic and fresh aesthetic, 4:5 aspect ratio','아침 스킨케어 루틴, 로션으로 완성하세요!\n\n맑고 자연스러운 피부를 위해 꼭 필요한 단계, 로션 사용법 가이드를 소개합니다. 촉촉하면서도 가볍게 스며드는 제 우리의 로션은 자연에서 온 성분으로 피부를 부드럽고 건강하게 가꿔줍니다. 아침마다 피부에 수분과 영양을 더해 하루를 빛나게 시작해보세요.\n\n✔ 자연 친화적 포뮬러\n✔ 산뜻한 사용감\n✔ 매일 사용해도 부담 없는 피부 저자극\n\n이번 시즌, 자연을 닮은 예쁜 포스터와 함께 깔끔한 아침 루틴을 완성하세요!\n\n#아침스킨케어 #로션사용법 #뷰티루틴 #자연성분화장품 #피부보습 #데일리로션 #건강한피부 #스킨케어가이드 #아침화장 #뷰티팁 #네이처뷰티','안녕하세요, 오늘은 아침 스킨케어 루틴에서 로션을 사용하는 방법을 알려드릴게요.\n\n첫째, 깨끗이 세안한 후 적당량의 로션을 덜어 손에 펴 발라줍니다.\n\n둘째, 얼굴 전체에 부드럽게 마사지하듯 발라 피부에 흡수시켜 주세요.\n\n셋째, 특히 건조한 부위에는 한 번 더 덧발라 촉촉함을 유지합니다.\n\n우리 로션은 자연에서 온 성분으로 만들어져 민감한 피부도 안심하고 사용할 수 있어요.\n\n매일 아침, 이 간단한 루틴으로 건강하고 맑은 피부를 유지하세요! 자연을 닮은 아름다운 피부를 위한 첫걸음입니다.',1096,1763,NULL,39,'정보형'),(299,'2025-07-14 00:00:00','[이미지] 계절별 피부 관리 팁과 우리 로션의 효과적인 활용법','user/project/ai-generated/20250626_071942_pm_ykjBdApgx0RL.png','Beautiful natural skincare scene featuring a bottle of lotion with fresh flowers and green leaves, soft sunlight, cozy home setting, 4:5 aspect ratio, pastel color palette, minimalist aesthetic, emphasizing seasonal skincare tips','계절별 피부 관리, 어렵지 않아요!?\n\n우리의 자연에서 영감을 받은 로션으로 사계절 내내 촉촉하고 건강한 피부를 유지해 보세요. 봄에는 가벼운 보습, 여름엔 산뜻한 수분 케어, 가을에는 깊은 영양 공급, 겨울엔 강력한 보호막이 필요하죠.\n\n특히 우리 화장품 로션은 자연성분으로 만들어져 민감한 피부도 걱정 없이 사용할 수 있고, 매 시즌 피부 컨디션을 최적화하는 데 도움을 줍니다. 매일 꾸준한 관리와 함께 자연의 힘을 느껴보세요!\n\n함께 자연을 닮은 아름다움을 만들어가요?\n\n#계절별피부관리 #자연성분로션 #촉촉한피부 #뷰티루틴 #내추럴스킨케어 #피부보습 #민감피부추천 #계절피부관리 #뷰티제품추천 #화장품브랜드 #건강한피부 #스킨케어팁 #피부관리비법',NULL,1103,1596,NULL,39,'정보형'),(300,'2025-07-21 00:00:00','[영상] 고객 후기 및 리얼 사용 후기 인터뷰 - 자연을 담은 로션의 진실된 이야기','user/project/ai-generated/20250626_071945_pm_e1n7d4bkYZqN.png','A natural and elegant skincare lotion bottle on a wooden surface surrounded by fresh green leaves and soft natural light, featuring a 4:5 aspect ratio Instagram post style, emphasizing purity and authenticity, minimalistic and soothing color palette','자연을 그대로 담은 우리 로션, 고객님들의 진솔한 후기를 소개합니다!\n\n피부에 닿는 순간 느껴지는 부드러움과 자연유래 성분이 만들어내는 건강한 촉촉함. 실제 사용자의 리얼 인터뷰를 통해 확인한 변화를 지금 만나보세요. \n\n천연 원료만을 엄선해 자극 없이 순하게, 매일 아침 저녁 자연을 담은 로션으로 피부를 케어하세요. 심플하지만 확실한 효과, 여러분의 피부가 좋아하는 진짜 자연의 이야기입니다.\n\n지금 인스타그램에서 리얼 후기 영상 확인하시고, 자연과 하나 되는 뷰티 루틴 시작해볼까요?\n\n#자연주의화장품 #리얼후기 #네이처뷰티 #스킨케어추천 #촉촉한피부 #천연로션 #뷰티인터뷰 #피부진정 #자연성분화장품 #건강한피부','안녕하세요! 오늘은 자연을 담은 우리 로션을 직접 사용해보신 고객님들의 리얼 후기를 소개해드릴게요.\n\n고객님 1: \"자극 없이 부드럽고, 하루 종일 촉촉함이 유지돼서 너무 좋아요. 자연 성분이라 안심하고 사용 중입니다.\"\n\n고객님 2: \"평소 민감한 피부인데, 이 로션만큼은 트러블 없이 건강해지는 느낌이에요. 진짜 자연의 힘을 느낍니다.\"\n\n우리 로션은 엄선한 자연 유래 성분으로 만들어져 피부를 편안하게 케어해 줍니다. 매일 아침, 저녁 꾸준히 사용하면서 자연 속에서 온 듯 맑고 건강한 피부를 경험해보세요.\n\n오늘 영상 끝까지 봐주셔서 감사하고, 더 많은 후기와 제품 정보는 인스타그램에서 만나보실 수 있습니다. 여러분의 피부, 자연과 함께 더 아름답게 가꿔보세요!',1106,1814,NULL,39,'정보형'),(357,'2025-07-14 00:00:00','네이처 신선함 가득! 우리 로션의 자연 성분 소개','user/project/ai-generated/20250708_093550_pm_6brnxnnyxPWq.png','A visually appealing Instagram poster showcasing a natural skincare lotion surrounded by fresh green leaves, flowers, and soft beige textured background. The lotion bottle features a minimalist design with eco-friendly packaging. The image uses warm natural lighting to highlight freshness and purity','네이처 신선함 가득한 우리 화장품 로션을 소개합니다! ? \n\n자연에서 온 순수한 성분들로 피부에 촉촉함과 건강함을 더해드려요. 화학 성분 걱정 없이 매일 바를 수 있는 안전한 로션으로, 피부 본연의 빛을 찾아보세요. \n\n순한 자연 추출물과 보습 성분이 어우러져 가볍고 산뜻한 사용감까지 완벽하게! \n\n지친 피부에 보내는 자연의 선물, 매일 사용해도 부담 없는 우리 로션으로 자연의 신선함을 경험하세요. \n\n#네이처로션 #자연성분화장품 #피부보습 #자연이주는선물 #뷰티템 #촉촉한피부 #순한로션 #데일리스킨케어 #자연주의 #화장품추천',NULL,1109,1444,NULL,47,'정보형'),(358,'2025-07-21 00:00:00','촉촉함 가득! 자연광 아래서 빛나는 피부를 위한 로션 사용법','user/project/ai-generated/20250708_093624_pm_k81lz72Dd70P.png','A natural and beautiful Instagram poster showcasing a skincare lotion bottle placed on a wooden table bathed in soft natural sunlight, surrounded by green leaves and delicate flowers. The background is blurred to highlight the product with warm, earthy tones like beige, light green, and brown. The d','? 촉촉함 가득, 자연광 아래 빛나는 피부의 비밀! ?\n\n매일 아침 자연광을 맞으며 가볍게 바르는 것만으로도 피부가 환해지고 촉촉해져요. 저희 화장품 로션은 자연에서 온 성분들로 만들어져 민감한 피부도 안심하고 사용할 수 있답니다. 부드럽고 산뜻한 텍스처가 피부에 빠르게 스며들어 하루 종일 촉촉함을 유지해줘요. \n\n자연의 힘을 담아 당신의 피부를 환하게 밝혀보세요. 매일 아침 햇살처럼 맑고 건강한 피부를 위한 로션 사용법, 지금 바로 경험해보세요!\n\n#촉촉한피부 #자연성분로션 #뷰티루틴 #스킨케어꿀팁 #자연광뷰티 #피부광채 #데일리스킨케어 #네이처뷰티 #건강한피부 #뷰티템추천',NULL,1117,1500,NULL,47,'정보형'),(359,'2025-07-28 00:00:00','손글씨 감성 담은 우리 로션의 주요 효과와 장점 안내','user/project/ai-generated/20250708_093658_pm_0ZRLzVV1znNm.png','A natural and lovely Instagram poster featuring a lotion bottle surrounded by green leaves and delicate flowers, soft sunlight illuminating the scene, handwritten-style typography highlighting the lotion\'s key benefits, warm and cozy atmosphere, pastel beige and green color palette, clean and tidy l','손글씨의 따뜻한 감성과 자연을 담은 우리 화장품 로션을 소개합니다! ?\n\n자연에서 온 성분들로 피부에 순하게 스며들어 촉촉함을 오래 유지해주고, 민감한 피부도 안심하고 사용할 수 있어요. 매일 바르는 순간, 피부가 숨 쉬는 듯한 건강한 느낌과 자연의 산뜻함이 느껴집니다.\n\n네이처 감성이 가득한 우리의 로션으로 피부 본연의 아름다움을 지키세요. 깔끔하고 부드러운 손글씨 폰트가 주는 친근함과 함께 자연광을 그대로 담은 사진으로 진정성까지 더했습니다.\n\n#자연주의로션 #촉촉한피부 #손글씨감성 #네이처뷰티 #피부보습 #민감피부추천 #뷰티템 #화장품추천 #자연성분 #스킨케어루틴',NULL,1112,1437,NULL,47,'정보형'),(360,'2025-08-04 00:00:00','자연에서 영감을 받은 디자인과 함께하는 로션 출시 기념 포스터','user/project/ai-generated/20250708_093728_pm_75OVdDQQzraB.png','A beautiful Instagram poster for a lotion launch inspired by nature, featuring natural tones like soft greens, earthy browns, and beiges. Include delicate illustrations of leaves, flowers, and trees around a sleek lotion bottle with minimalist, handwritten-style typography. The layout is clean and b','? 자연에서 영감을 받은 순수함 가득한 로션 출시 ?\n\n여러분의 피부에도 자연의 신선함과 건강함을 담아 드릴 새로운 로션을 소개합니다. 자연의 푸르름과 따뜻한 햇살을 담아, 피부를 촉촉하고 부드럽게 케어해주며 매일의 스킨케어 루틴에 자연스러운 행복을 선사합니다. \n\n천연 성분에서 온 편안함과 고급스러운 디자인이 조화를 이루며, 더욱 빛나는 나를 만나보세요. 피부가 숨 쉴 수 있도록 자연 그대로를 담았습니다.\n\n지금 바로 만나보고 자연이 준 선물 같은 촉촉함을 경험해보세요.\n\n#자연에서온로션 #네이처뷰티 #촉촉한피부 #스킨케어신상품 #뷰티출시 #친환경뷰티 #자연주의화장품 #데일리스킨케어 #피부건강 #뷰티템추천 #자연영감디자인',NULL,1117,1480,NULL,47,'정보형'),(361,'2025-07-14 00:00:00','자연의 선물로 피부를 감싸다 - 부드럽고 촉촉한 로션 소개','user/project/ai-generated/20250709_124654_am_ky81Ya03zZnQ.png','A soothing and elegant natural skin lotion poster featuring soft pastel colors, delicate flowers and green leaves enveloping a glass lotion bottle. The background shows gentle sunlight filtering through foliage, creating a warm, calming ambiance. Include subtle textures of nature elements like wood ','자연의 선물로 피부를 감싸는 부드럽고 촉촉한 로션을 소개합니다.\n\n천연 성분과 진정 효과가 뛰어난 이 로션은 피부에 닿는 순간 편안함과 수분감을 선사해 피부 본연의 건강함을 되찾아줍니다. 자연에서 온 순수함으로 모든 피부 타입에 부담 없이 사용할 수 있어 데일리 케어로 제격이에요.\n\n하루 종일 촉촉함을 유지하고 싶은 분들께 꼭 추천드리며, 따뜻한 자연광과 싱그러운 꽃들의 조화가 빚어내는 감성적인 패키지 디자인까지 소장 욕구를 자극합니다.\n\n지친 피부에 자연의 힘을 더해 보세요. 당신의 피부가 자연의 품에서 다시 태어납니다.\n\n#자연의선물 #촉촉한피부 #부드러운로션 #뷰티템추천 #데일리스킨케어 #네이처뷰티 #피부보습 #자연주의화장품 #스킨케어루틴 #건강한피부',NULL,1112,1563,NULL,48,'정보형'),(362,'2025-07-21 00:00:00','식물에서 온 천연 성분으로 건강한 피부 유지하기','user/project/ai-generated/20250709_124731_am_OZrRdBmPxEL2.png','A natural and aesthetic Instagram poster featuring a beautifully arranged lotion bottle surrounded by lush green leaves, delicate flowers, and soft natural light. The setting evokes a serene, fresh, and organic vibe, emphasizing purity and plant-based ingredients. The color palette is soft, warm, an','자연에서 온 천연 성분으로 피부를 건강하게 가꾸세요.\n\n우리 화장품의 로션은 신선한 식물 성분으로 만든 자연 친화적 제품입니다. 자극 없는 순한 포뮬러가 피부에 깊은 보습과 편안함을 선사하고, 매일 바르는 순간 피부가 숨쉬는 듯한 산뜻한 느낌을 줍니다.\n\n자연의 선물 같은 성분으로 매일매일 촉촉하고 맑은 피부를 경험해보세요. 당신의 피부에 자연을 담은 건강한 아름다움을 더하는 화장품입니다.\n\n#천연화장품 #로션추천 #자연성분 #피부보습 #데일리스킨케어 #자연주의화장품 #건강한피부 #뷰티그램 #네이처뷰티 #촉촉한피부',NULL,1116,1502,NULL,48,'정보형'),(363,'2025-07-28 00:00:00','따뜻한 자연광 속에서 빛나는 피부, 우리의 로션과 함께',NULL,'A radiant skincare product bottle bathed in warm natural sunlight, surrounded by soft green leaves and delicate white flowers, conveying freshness and purity. The scene is serene and cozy, with a natural wooden surface and gentle sun rays creating subtle shadows. The atmosphere highlights glowing, h','따뜻한 자연광 속에서 빛나는 피부를 만나보세요.\n\n우리 화장품의 로션은 자연에서 온 순수한 성분으로 피부에 촉촉함과 생기를 선사합니다. 부드러운 텍스처와 산뜻한 향이 하루 종일 피부를 편안하게 감싸주어 자연스러운 아름다움을 더욱 돋보이게 합니다.\n\n매일 아침, 따뜻한 햇살처럼 부드럽고 맑은 피부로 시작해보세요. 자연과 피부가 하나 되는 순간, 당신의 아름다움이 빛납니다.\n\n#자연광피부 #촉촉한피부 #네이처스킨케어 #로션추천 #피부보습 #뷰티템 #자연성분 #스킨케어루틴 #오늘의피부 #뷰티스타그램 #건강한피부 #촉촉한로션',NULL,NULL,1505,NULL,48,'정보형'),(364,'2025-08-04 00:00:00','피부에 자연을 담다 - 감성 가득한 로션 사용 후기',NULL,NULL,NULL,NULL,NULL,NULL,NULL,48,'정보형'),(365,'2025-07-14 00:00:00','자연에서 온 순수함, 우리의 로션으로 피부를 감싸세요','user/project/ai-generated/20250709_125032_am_31Lbz0WmdOVk.png','A serene and elegant Instagram poster featuring a natural skincare lotion bottle surrounded by fresh aloe vera leaves, lavender sprigs, and green tea leaves. Soft pastel colors like light green, beige, and lavender blend seamlessly with a minimalist layout. The background is softly blurred to highli','자연에서 온 순수함으로 피부를 감싸보세요. \n\n화장품의 자연 유래 성분이 피부에 부드럽게 스며들어 건강한 아름다움을 선사합니다. 정성껏 담아낸 알로에베라, 라벤더, 녹차 추출물이 피부에 영양과 촉촉함을 더해주어 매일 사용하는 순간마다 자연과 하나 되는 느낌을 경험할 수 있어요.\n\n과하지 않은 미니멀한 디자인과 감성적인 컬러 톤으로, 여러분의 일상에 순수함과 편안함을 더하는 우리의 로션을 만나보세요. 자연을 닮은 당신의 피부에 가장 어울리는 선택, 지금 바로 경험해 보세요!\n\n#자연주의화장품 #피부보습 #순수함가득 #자연에서온 #뷰티그램 #스킨케어추천 #알로에베라 #라벤더 #녹차추출물 #데일리로션 #감성스킨케어 #미니멀라이프 #자연친화적 #뷰티스타그램',NULL,1116,1787,NULL,49,'정보형'),(366,'2025-07-21 00:00:00','부드러운 파스텔 톤, 자연과 조화를 이루는 로션 소개','user/project/ai-generated/20250709_125034_am_vj7Nxe06Ynmy.png','A soft pastel toned skincare lotion bottle placed harmoniously in nature setting, surrounded by delicate lavender flowers, green leaves, and gentle sunlight filtering through trees, minimalistic and elegant design, natural and calming atmosphere, 4:5 aspect ratio','자연에서 온 부드러운 파스텔 톤의 로션을 소개합니다.\n\n화장품 브랜드의 자연 친화적인 성분이 피부에 편안함을 선사하며, 매일 사용하는 순간이 특별해져요. 라벤더와 녹차 등 자연 성분으로 피부를 촉촉하게 감싸고, 순수하고 깨끗한 아름다움을 느껴보세요.\n\n심플하지만 세련된 디자인의 로션으로 감성과 자연의 조화를 완벽하게 담았습니다. 일상의 피로와 스트레스에 지친 피부를 위해 자연의 선물을 경험해 보세요.\n\n#자연주의화장품 #파스텔톤로션 #뷰티템추천 #피부보습 #감성뷰티 #내추럴스킨케어 #로션추천 #화장품브랜드 #자연성분 #스킨케어루틴 #건강한피부',NULL,1109,1688,NULL,49,'정보형'),(367,'2025-07-28 00:00:00','사용자 후기: 자연 성분으로 피부가 촉촉해졌어요!','user/project/ai-generated/20250709_125104_am_NRAazZrPzvy0.png','A natural skincare Instagram poster featuring a lotion bottle surrounded by delicate aloe vera leaves, lavender flowers, and green tea leaves. The background is soft pastel green and beige with minimalistic design elements. Gentle sunlight filters through, creating a calm and fresh atmosphere convey','? 사용자 후기: 자연 성분으로 피부가 촉촉해졌어요! ?\n\n자연에서 온 순수한 재료들로 만들어진 우리의 로션은 피부에 깊은 보습감을 선사합니다. 알로에 베라, 라벤더, 녹차 추출물이 만나 민감한 피부도 부드럽게 케어해주고, 매일 사용해도 자극 없이 촉촉함이 오래가요.\n\n많은 분들이 사용 후 피부가 한층 건강해지고 촉촉해졌다는 후기를 보내주셨어요. 자연의 힘으로 만들어진 제품이라 믿고 쓰실 수 있습니다.\n\n지친 피부에 자연의 선물을 직접 경험해 보세요! #자연성분 #촉촉한피부 #피부보습 #순수한스킨케어 #네이처뷰티 #로션추천 #뷰티템 #자연주의화장품 #피부촉촉 #감성화장품',NULL,1112,1750,NULL,49,'정보형'),(368,'2025-08-04 00:00:00','감성 가득한 자연의 선물, 당신의 피부에 닿다',NULL,'A soothing and elegant skincare poster featuring a natural lotion bottle surrounded by delicate aloe vera leaves, lavender flowers, and green tea leaves on a soft pastel background. Minimalist design, gentle lighting, soft shadows, and calming earth-toned colors like light green, beige, and lavender','? 감성 가득한 자연의 선물, 당신의 피부에 닿다 ?\n\n자연에서 온 순수한 원료로 만들어진 저희 로션은 하루의 작은 휴식이 되어드립니다. 부드럽게 스며들어 피부를 촉촉하게 감싸주는 자연의 선물 같은 존재죠. \n\n자극 없이 순하면서도 깊은 보습을 원하는 분들께 꼭 추천드려요. \n\n여러분의 피부에 자연이 전하는 진심을 느껴보세요.\n\n#네이처로션 #자연의선물 #피부보습 #촉촉한피부 #순한로션 #스킨케어 #뷰티템 #자연주의 #데일리스킨케어 #감성뷰티',NULL,NULL,1702,NULL,49,'정보형'),(369,'2025-07-14 00:00:00','자연에서 온 순수한 로션 - 부드러운 피부 보습의 시작','user/project/ai-generated/20250709_125842_am_LV51xjGVdBj6.png','A beautiful Instagram poster featuring a natural lotion bottle surrounded by soft pastel-toned background with delicate green leaves and blooming flowers, emphasizing purity and gentle skin hydration, minimalistic design with clean sans-serif typography, warm sunlight filtering through nature, 4:5 a','자연에서 온 순수한 로션으로 부드럽고 촉촉한 피부 보습의 시작을 경험해보세요.\n\n\n화장품 브랜드만의 자연주의 철학을 담아 민감한 피부도 안심하고 사용할 수 있습니다. 자연에서 찾은 순수한 원료들이 피부에 깊은 보습을 선사하며, 가벼운 텍스처가 끈적임 없이 산뜻하게 스며듭니다.\n\n매일 아침과 저녁, 피부 본연의 건강한 힘을 키워주는 네이처 로션으로 하루를 기분 좋게 시작하세요.\n\n#네이처로션 #자연주의화장품 #피부보습 #촉촉한피부 #뷰티템 #자연에서온순수함 #스킨케어추천 #민감피부케어 #뷰티그램 #클린뷰티 #내추럴스킨케어',NULL,1113,1520,NULL,50,'정보형'),(370,'2025-07-21 00:00:00','네이처 감성 가득! 파스텔 톤으로 완성한 로션 포스터 공개','user/project/ai-generated/20250709_125841_am_l0vLxmROde38.png','A nature-inspired pastel tone lotion poster featuring soft pinks, greens, and blues, with delicate floral and leaf motifs surrounding a sleek, minimalistic lotion bottle. The background should be light and airy with subtle textures evoking natural elements like petals and leaves. Include a gentle, e','네이처 감성 가득한 파스텔 톤 로션 포스터를 공개합니다! \n\n자연에서 온 순수함을 담은 로션으로 피부를 촉촉하게 감싸주세요. \n부드러운 파스텔 색감과 꽃잎, 잎사귀 모티브가 어우러져 산뜻하면서도 고급스러운 감성을 자아냅니다. \n가벼운 텍스처로 매일 사용하기 좋으며, 자연주의 화장품을 찾는 분들께 추천드립니다. \n\n자연과 피부를 함께 생각하는 당신에게 딱 맞는 뷰티 아이템, 지금 바로 만나보세요! \n\n#네이처로션 #자연주의화장품 #피부보습 #파스텔톤뷰티 #뷰티포스터 #자연감성 #스킨케어추천 #화장품스타그램 #뷰티아이템 #촉촉한피부',NULL,1118,1571,NULL,50,'감성전달형'),(371,'2025-07-28 00:00:00','피부를 위한 자연주의 선택, 화장품 로션의 특별한 효능','user/project/ai-generated/20250709_125839_am_4BPNxXrez2ly.png','A natural and elegant skincare poster featuring a beautiful lotion bottle surrounded by lush green leaves and delicate flowers, soft pastel background, minimal and clean design emphasizing purity and nature, soft natural lighting, 4:5 aspect ratio','?피부를 위한 자연주의 선택, 화장품 로션의 특별한 효능?\n\n자연에서 온 순수한 성분으로 피부를 촉촉하고 건강하게 가꿔주는 우리의 화장품 로션을 만나보세요. 부드럽고 가벼운 텍스처가 피부에 빠르게 스며들며 깊은 보습과 풍부한 영양을 선사합니다.\n\n더 이상 화학 성분 걱정은 NO! 자연이 주는 힘으로 민감한 피부도 안심하고 사용할 수 있는 로션입니다. 매일 아침과 저녁, 자연의 힘으로 피부 본연의 아름다움을 되찾아보세요.\n\n#네이처로션 #자연주의화장품 #피부보습 #뷰티템 #촉촉한피부 #자연성분 #데일리스킨케어 #화장품추천 #자연주의뷰티',NULL,1105,1514,NULL,50,'홍보중심형'),(372,'2025-08-04 00:00:00','내 피부에 자연을 담다 - #네이처로션와 함께하는 촉촉함','user/project/ai-generated/20250709_125839_am_KMjydLP5dJqQ.png','A beautiful Instagram poster featuring a natural and fresh skincare theme with soft pastel colors background. Include delicate green leaves and small flowers around a sleek, elegant lotion bottle labeled \'Nature Lotion\'. The design should feel clean, minimalistic, and calming, emphasizing hydration ','내 피부에 자연을 담다, #네이처로션과 함께 촉촉함을 경험하세요?\n\n자연에서 온 순수한 원료로 만들어진 네이처로션은 민감한 피부에도 순하게 작용하며, 하루종일 촉촉하고 건강한 피부를 유지시켜줍니다. 은은한 자연의 향기와 부드러운 텍스처가 피부에 편안함을 더해주고, 자연스럽게 빛나는 윤기를 선사해요.\n\n자연을 닮은 아름다움, 네이처로션과 함께하세요. 지금 바로 피부 속부터 깊은 보습을 느껴보세요!\n\n#네이처로션 #자연주의화장품 #피부보습 #촉촉한피부 #뷰티스타그램 #스킨케어추천 #자연성분 #건강한피부 #내추럴뷰티 #화장품 #뷰티제품 #피부관리 #네이처뷰티',NULL,1113,1575,NULL,50,'정보형'),(373,'2025-07-14 00:00:00','자연 소재 알로에 베라로 촉촉한 보습력 강조',NULL,'A minimal and elegant Instagram poster featuring a natural aloe vera lotion bottle surrounded by fresh aloe vera leaves, soft pastel green and beige color palette, gentle lighting that evokes moisture and freshness, clean typography with a subtle emotional tagline like \'Embrace your skin with nature','? 자연에서 온 촉촉한 보습, 알로에 베라 로션 ?\n\n자연이 선사하는 순수한 알로에 베라 성분으로 만들어진 우리의 로션은 피부 깊숙이 스며들어 건조함 없이 촉촉함을 오래 유지해줘요. 부드럽고 산뜻한 발림성으로 매일 아침과 저녁을 자연과 함께하는 시간으로 만들어보세요.\n\n여름철 강한 자외선과 공기 중 유해 요소로부터 지친 피부에 선물 같은 보습을 선사합니다. 자연주의 화장품, 신뢰할 수 있는 피부 케어를 경험해보세요.\n\n내 피부에게 진정한 휴식을 주는 그 순간, 알로에 베라의 힘을 느껴보세요! \n\n#알로에베라 #자연주의화장품 #촉촉한보습 #피부수분공급 #네이처로션 #자연성분 #뷰티템 #스킨케어루틴 #건강한피부 #화장품추천 #자연친화적 #로션추천 #피부보습',NULL,NULL,1768,NULL,51,'감성전달형'),(374,'2025-07-21 00:00:00','부드러운 파스텔 톤 배경과 함께하는 네이처 로션 소개',NULL,'A soft pastel-toned background with delicate botanical elements such as aloe vera leaves, lavender flowers, and green tea leaves elegantly arranged. In the center, a minimalistic, elegant cosmetic lotion bottle with natural branding stands prominently. The overall style is clean, emotional, and natu','? 자연에서 전하는 부드러운 피부 케어, 네이처 로션과 함께하세요.\n\n파스텔 톤의 부드러운 배경처럼 촉촉하고 순한 감성으로 피부를 감싸주는 우리의 네이처 로션은 자연에서 온 성분으로 피부 본연의 건강함을 지켜줍니다. 알로에 베라, 라벤더, 녹차 등 자연 유래 성분이 조화를 이루어 민감한 피부에도 안심하고 사용할 수 있어요.\n\n매일 아침과 저녁, 가볍게 발라 자연 그대로의 촉촉함과 부드러움을 경험해보세요. 피부에 자연을 선물하는 특별한 순간을 지금부터 시작해보세요!\n\n#네이처로션 #자연주의화장품 #촉촉한피부 #민감피부케어 #피부보습 #뷰티템추천 #파스텔톤 #감성로션 #데일리케어',NULL,NULL,1733,NULL,51,'감성전달형'),(375,'2025-07-28 00:00:00','미니멀한 디자인의 감성적인 로션 사용 후기 공유','user/project/ai-generated/20250709_125848_am_AleWzvV7zO5o.png','A minimalistic and emotional Instagram poster featuring a nature-inspired lotion bottle on a soft pastel background with natural elements like aloe vera, lavender, and green leaves surrounding it, clean and elegant layout, soft light, airy and calm atmosphere','? 미니멀한 디자인과 자연의 감성이 만나 완성된 우리의 로션을 소개합니다.\n\n자연에서 온 순수한 성분들로 부드럽게 피부를 감싸주고, 심플한 패키지 디자인은 어느 공간에 두어도 아름답게 어우러져요. 자연 그대로의 산뜻한 느낌을 담아 매일 사용하는 것만으로도 피부는 물론 마음까지 편안해지는 기분을 느낄 수 있답니다.\n\n피부에 꼭 필요한 것만 담은 우리 화장품의 로션으로 자연과 하나 되는 경험을 해보세요. 여러분의 소중한 피부에게 선물하는 네이처 감성, 지금 만나보세요!\n\n#네이처로션 #미니멀뷰티 #감성로션 #자연주의화장품 #피부보습 #뷰티템추천 #순수한피부 #데일리스킨케어 #자연감성 #심플뷰티',NULL,1107,1702,NULL,51,'감성전달형'),(376,'2025-08-04 00:00:00','\"자연의 선물로 피부를 감싸다\" 감성 문구 포스터 공개','user/project/ai-generated/20250709_125849_am_Vb39xwklx2vO.png','A soft and elegant poster featuring a natural lotion bottle surrounded by fresh aloe vera leaves, lavender sprigs, and green tea leaves. The background is pastel beige with subtle light flares, minimalistic layout, gentle typography with the phrase \'Embrace your skin with nature\'s gift\' in handwritt','✨자연의 선물로 피부를 감싸다✨\n\n피부에 닿는 순간, 자연 그대로의 순수함을 느껴보세요. 우리의 로션은 알로에 베라와 라벤더, 녹차 등 자연 유래 성분을 담아 피부 깊숙이 촉촉함을 전달합니다. 부드러운 텍스처와 은은한 향기가 하루의 피로를 녹여주고, 민감한 피부도 안심하고 사용하실 수 있어요.\n\n자연이 주는 선물, 피부에 건강한 변화를 경험해보세요. 지금 바로 감성 가득한 포스터와 함께 자연친화적인 뷰티 루틴을 시작하세요.\n\n#네이처로션 #자연주의화장품 #피부보습 #촉촉한피부 #뷰티템추천 #감성포스터 #자연성분 #스킨케어루틴 #뷰티스타그램 #내추럴뷰티',NULL,1122,1735,NULL,51,'감성전달형'),(377,'2025-07-14 00:00:00','홈쿡 초보자를 위한 쉽고 맛있는 레시피 소개','user/project/ai-generated/20250709_010228_am_LZAXYEnpxqpE.png','A warm and inviting kitchen scene featuring a beginner home cook preparing an easy and delicious dish, fresh ingredients like vegetables and spices neatly arranged on a wooden countertop, soft natural lighting highlighting vibrant colors, cozy home atmosphere, modern kitchen tools visible, focus on ','초보 홈쿡러라도 걱정 마세요! 맛집 ㄴ에서 소개하는 쉽고 맛있는 레시피로 오늘부터 집에서도 근사한 한 끼를 완성해 보세요.\n\n재료 준비부터 간단한 조리법까지 단계별로 따라 하면 실패 확률 제로! 누구나 손쉽게 할 수 있어 홈쿡이 더 즐거워집니다. \n\n특히, ss 캠페인으로 신선한 재료와 최고의 맛을 보장하는 우리 브랜드 ㄴ만의 특별한 노하우가 가득 담긴 레시피를 만나보세요.\n\n오늘 당장 냉장고를 열고 맛있는 요리 여행을 시작해보세요! 홈쿡 초보도 금세 맛집 셰프가 될 수 있습니다.\n\n#홈쿡초보 #쉬운레시피 #맛있는홈쿡 #집밥스타그램 #요리초보 #맛집ㄴ #ss #요리스타그램 #요리그램 #집에서만드는맛집',NULL,1112,1657,NULL,52,'정보형'),(378,'2025-07-21 00:00:00','여름철 입맛 돋우는 간단한 한 끼 집밥 메뉴','user/project/ai-generated/20250709_010224_am_6lRodrB3d3kn.png','A vibrant and appetizing summer home-cooked meal on a rustic wooden table, featuring fresh Korean side dishes with colorful vegetables, rice bowls, and light sauces, natural sunlight highlighting the textures and colors, 4:5 aspect ratio','여름철 입맛 돋우는 간단한 한 끼, 집밥 메뉴를 소개합니다! \n\n무더운 날씨에 부담 없이 즐길 수 있는 신선한 재료와 가벼운 양념으로 준비한 다양한 반찬과 밥 한 그릇이면, 지친 하루도 금세 회복될 거예요. \n\n특히 요즘 인기를 끌고 있는 홈쿡 레시피를 활용해 쉽고 빠르게 만들 수 있으니, 바쁜 일상 속에서도 건강한 한 끼를 챙겨보세요. \n\n맛집 부럽지 않은 퀄리티와 감성으로, 집에서도 전문 셰프의 손맛을 재현할 수 있답니다.\n\n#여름집밥 #간단한한끼 #홈쿡레시피 #맛집부럽지않은 #여름입맛 #건강한밥상 #집에서즐기는맛 #한국음식 #반찬만들기 #ss #홈쿡트렌드',NULL,1108,1654,NULL,52,'감성전달형'),(379,'2025-07-28 00:00:00','SNS에서 인기 있는 홈쿡 플레이팅 팁 공유',NULL,'A beautifully plated home-cooked meal on a rustic wooden table, vibrant colorful vegetables, fresh herbs garnish, natural daylight, minimalistic style, top-down angle, 4:5 aspect ratio','요즘 SNS에서 가장 핫한 홈쿡 플레이팅 팁을 공유해요! \n\n집에서도 맛집 부럽지 않은 감각적인 플레이팅으로 식탁을 특별하게 만들어 보세요. 다양한 색감과 자연스러운 식재료 배치를 통해 사진 한 장으로도 입맛을 사로잡을 수 있답니다. \n\n특히, ㄴ 브랜드의 신선한 재료와 함께하면 더욱 간편하고 맛있게 홈쿡을 즐길 수 있어요. 저희가 추천하는 플레이팅 팁! \n\n1) 색 대비를 생각해 보세요. 녹색 채소와 빨강 토마토, 노란 파프리카를 믹스해 생동감을 더해요. \n2) 식재료 크기를 다르게 배치해 리듬감을 주세요. \n3) 허브를 마지막에 얹어 향과 비주얼을 극대화! \n\n집에서의 식사 시간이 더 즐거워지고, SNS 친구들에게도 자랑할 수 있는 특별한 순간을 만들어 보세요! \n\n#홈쿡 #플레이팅팁 #맛집스타일 #가정식 #홈메이드푸드 #ㄴ브랜드 #감각적인식사 #SNS인기 #요리그램 #먹스타그램',NULL,NULL,1697,NULL,52,'홍보중심형'),(380,'2025-08-04 00:00:00','팔로워와 함께하는 맛집 추천 및 소통 이벤트 안내',NULL,'A cozy and vibrant social media event announcement scene featuring diverse people sharing delicious dishes, engaging in conversations around a table full of tasty Korean home-cooked meals and famous restaurant specialties, warm lighting, friendly atmosphere, modern aesthetic, 4:5 aspect ratio','?️ 팔로워 여러분과 함께하는 특별한 맛집 추천 & 소통 이벤트! ?\n\n여러분이 사랑하는 맛집과 최고의 홈쿡 레시피를 공유하며 서로의 이야기를 듣고 싶어요. \'ㄴ\'에서는 팔로워 여러분과 진솔한 소통으로 맛집 꿀팁을 나누고 새로운 맛집을 발굴하는 시간을 마련했답니다. 참여만 해도 최신 맛집 정보는 물론, 소정의 깜짝 선물까지 준비되어 있으니 꼭 함께 해주세요!\n\n✔ 참여 방법\n1) 댓글로 여러분이 추천하는 맛집이나 직접 만든 요리 사진과 함께 이야기를 남겨주세요.\n2) 활발한 소통과 추천을 통해 맛집 큐레이터가 되어보세요!\n\n맛과 소통이 어우러지는 \'ㄴ\'의 특별한 이벤트, 놓치지 마세요! 여러분의 이야기가 더욱 특별한 맛집 지도로 확장됩니다.\n\n#맛집추천 #홈쿡스타그램 #소통이벤트 #팔로워참여 #맛집발굴 #맛집투어 #요리 #푸드스타그램 #ㄴ브랜드 #이벤트참여 #함께해요',NULL,NULL,1693,NULL,52,'정보형'),(381,'2025-07-14 00:00:00','홈쿡 초보자를 위한 쉬운 레시피 소개','user/project/ai-generated/20250709_010232_am_XogmYQ7BdRVy.png','A cozy modern kitchen scene with a beginner happily cooking an easy recipe, fresh ingredients laid out neatly, warm natural lighting, minimalistic style, vibrant colors, 4:5 aspect ratio','? 홈쿡 초보자를 위한 쉽고 맛있는 레시피를 소개합니다!\n\n처음 요리에 도전하는 분들도 부담 없이 따라 할 수 있는 간단한 재료와 절차로, 집에서도 맛집 부럽지 않은 음식을 완성할 수 있어요. ㅜㅜ 브랜드 ㄴ만의 특별한 노하우를 담아 더욱 맛있고 건강한 한 끼를 만들어 보세요.\n\n✔ 추천 포인트\n• 신선한 재료 준비부터 완성까지 30분 이내\n• 따라 하기 쉬운 단계별 설명\n• 누구나 즐길 수 있는 대중적인 맛\n\n오늘부터 홈쿡, 어렵지 않아요! 작은 시작이 큰 변화를 만듭니다. 지금 바로 도전해 보세요! #홈쿡 #쉬운레시피 #맛집레시피 #초보요리 #건강한한끼 #요리초보 #브랜드ㄴ #맛집홈쿡 #홈쿡도전 #집밥그램',NULL,1099,1639,NULL,53,'정보형'),(382,'2025-07-21 00:00:00','맛집 탐방: 지역별 인기 음식 리뷰','user/project/ai-generated/20250709_010226_am_MDnRx9MlxLZj.png','A vibrant collage showcasing popular local dishes from different regions, each plate bursting with rich colors and textures, styled on rustic wooden tables with traditional utensils, natural lighting emphasizing freshness and variety, 4:5 aspect ratio','?️ 맛집 탐방: 지역별 인기 음식 리뷰 ?️\n\n대한민국 각 지역마다 숨겨진 맛집들이 가득하죠! 오늘은 다양한 지역의 인기 음식을 소개해 드릴게요. 신선한 재료와 특별한 레시피로 사랑받는 그곳의 맛을 사진으로 생생히 담아냈답니다.\n\n여행하지 않아도 집에서 다양한 지역 음식을 경험할 수 있는 홈쿡 아이디어도 함께 공유할 예정이니 기대해주세요! ss와 함께하는 맛집 탐방, 잊지 못할 미식 여행으로 초대합니다.\n\n#맛집탐방 #지역별음식 #인기음식리뷰 #홈쿡 #맛집추천 #sns맛집 #먹스타그램 #foodie #맛집스타그램 #여행맛집 #ss #맛있는여행 #한식 #외식추천',NULL,1104,1613,NULL,53,'감성전달형'),(383,'2025-07-28 00:00:00','홈쿡 꿀팁: 신선한 재료 고르는 법','user/project/ai-generated/20250709_010237_am_mNP1YO3GYjwZ.png','A bright and fresh kitchen scene showcasing a variety of colorful fresh vegetables and fruits laid out on a wooden table, natural sunlight streaming through a window, close-up on hands selecting fresh produce, vibrant and inviting home cooking atmosphere, 4:5 aspect ratio','[홈쿡 꿀팁: 신선한 재료 고르는 법]\n\n맛있는 집밥의 시작은 바로 신선한 재료 선택에서부터! 건강한 식탁을 완성하려면 재료 하나하나가 중요하죠. 신선한 재료를 고르는 법부터 알려드릴게요.\n\n✔ 싱싱한 채소는 잎이 시들지 않고 색이 선명해요.\n✔ 과일은 손으로 눌러봤을 때 너무 물렁하지 않은 단단한 것이 좋아요.\n✔ 해산물은 투명하고 탄력이 있는 상태를 확인하세요.\n\n간단한 팁만 알아둬도 요리의 완성도가 달라진답니다. 매일 매일 집에서 맛있는 한 끼를 준비하는 모든 분들께 꼭 추천드려요!\n\n#홈쿡 #신선한재료 #맛집 #건강한식탁 #집밥스타그램 #요리꿀팁 #간단요리 #맛있는하루 #재료선택 #freshingredients #홈쿡스타그램',NULL,1112,1674,NULL,53,'홍보중심형'),(384,'2025-08-04 00:00:00','SS 신상품 소개 및 활용 레시피',NULL,'Vibrant spring season home cooking scene featuring fresh ingredients being prepared to showcase new SS season recipes, bright and inviting kitchen setup, natural light, colorful dishes on wooden table, cozy and appetizing atmosphere, 4:5 aspect ratio','봄바람이 불어오는 SS 시즌, 집에서도 맛집 못지않은 신상품 레시피로 특별한 식탁을 완성해 보세요!\n\n이번 SS 신상품은 신선한 식자재와 간단한 조리법으로 일상에 활력을 더해줄 홈쿡 메뉴를 제안합니다. \n\n✔ SS 신상품만의 차별점\n- 엄선된 재료로 신선도를 극대화\n- 친환경 패키징과 간편한 조리법으로 바쁜 일상에도 부담 없이\n- 건강한 맛과 영양 균형까지 고려한 레시피\n\n매일 반복되는 식사 고민, 이제 SS 신상품과 함께 집에서도 맛집 느낌 가득한 요리를 즐겨보세요. 봄철 입맛 돋우는 다채로운 메뉴로 가족과 친구들에게 특별한 시간을 선물하세요!\n\n#SS신상품 #홈쿡레시피 #맛집요리 #봄메뉴 #집밥스타그램 #간편요리 #신선한재료 #건강한식사 #맛있게먹자 #홈쿡아이디어',NULL,NULL,1672,NULL,53,'정보형'),(397,'2025-07-16 00:00:00','신규 시즌 여자 가방 소개 – minimute MOOD VINTAGE BAG의 매력',NULL,'A stylish woman showcasing the minimute MOOD VINTAGE BAG in an urban setting, soft natural light, vintage-inspired fashion, minimalistic yet elegant background, 4:5 aspect ratio','새로운 시즌, 새로운 무드! minimute의 MOOD VINTAGE BAG으로 당신의 스타일에 특별한 감성을 더해보세요. \n\n여행과 일상에 모두 어울리는 가벼운 디자인과 실용적인 수납 공간으로, 어디서든 편안하고 세련된 룩을 완성할 수 있습니다. 빈티지한 분위기와 현대적인 감각이 조화를 이루어 트렌드를 선도하는 여러분의 완벽한 동반자가 되어줄 거예요.\n\n옷차림에 감각적인 포인트를 주고 싶을 때, 최소한의 노력으로 최대의 스타일을 연출하고 싶을 때 minimute MOOD VINTAGE BAG이 답입니다. 지금 바로 만나보세요!\n\n#minimute #무드빈티지가방 #여자가방추천 #시즌필수아이템 #여성패션 #빈티지룩 #스타일완성 #데일리가방 #가벼운가방 #트렌디백',NULL,NULL,1355,NULL,57,'정보형'),(398,'2025-07-23 00:00:00','여행에 딱! 기능성과 스타일을 겸비한 FERRETTI BAG 활용법',NULL,'Fashionable woman traveler carrying a stylish FERRETTI BAG by minimute, standing confidently near an airport lounge with a scenic backdrop, showcasing the bag\'s functional compartments and sleek design, vibrant colors, natural lighting, candid street style photography, 4:5 aspect ratio','여행에 딱 맞는 가방, minimute의 FERRETTI BAG을 소개합니다! \n\n패션과 기능성을 동시에 잡은 이 가방은 다양한 수납 공간과 가벼운 무게 덕분에 여행 중에도 부담 없이 사용하기 좋아요. 세련된 디자인으로 어떤 룩에도 잘 어울려 데일리 룩뿐 아니라 여행 패션 완성에도 제격이랍니다. \n\n가방 하나로 스타일과 실용성을 모두 챙기고 싶은 분들께 꼭 추천드려요. 여행지에서의 소중한 순간까지 완벽하게 함께하는 minimute FERRETTI BAG과 함께 떠나보세요! \n\n#minimute #FERRETTIBAG #여행가방 #여자가방 #여행스타일 #패션가방 #여행필수템 #스타일과기능성 #미니멀룩 #여행준비 #여행코디 #실용적인가방',NULL,NULL,1366,NULL,57,'감성전달형'),(399,'2025-07-30 00:00:00','데일리 룩에 어울리는 TWIN BAG 스타일링 팁',NULL,'Stylish young woman wearing a fashionable daily outfit accessorized with a chic minimute TWIN BAG, urban street background, natural lighting, vibrant colors, close-up on bag details and styling, modern and trendy vibe','데일리 룩에 꼭 필요한 아이템, minimute의 TWIN BAG으로 스타일링 꿀팁을 소개합니다! \n\n미니멀한 디자인과 실용적인 수납력으로 매일 들고 다니기 좋은 TWIN BAG은 어떤 옷에도 자연스럽게 어울려요. 청바지와 티셔츠에 캐주얼하게, 원피스에는 여성스럽게 매치 가능해 활용도가 아주 높답니다. \n\n특히 가벼운 무게감과 세련된 컬러 구성 덕분에 여행이나 출근길에도 완벽한 파트너가 되어주죠. 오늘은 작은 가방 하나로 멋스러운 룩 완성하는 방법, minimute TWIN BAG과 함께 도전해보세요! \n\n#minimute #트윈백 #데일리백코디 #여자가방추천 #미니멀룩 #데일리룩스타일링 #패션가방 #시티룩 #여성가방 #스타일팁',NULL,NULL,1364,NULL,57,'홍보중심형'),(400,'2025-08-06 00:00:00','minimute만의 특별함, REMOOD BAG과 함께하는 일상 이야기',NULL,'A stylish young woman carrying a chic REMOOD BAG by minimute, walking through a sunlit urban street with a casual yet sophisticated outfit, soft natural lighting, vibrant colors, modern fashion photography, 4:5 aspect ratio','[minimute만의 특별함, REMOOD BAG과 함께하는 일상]\n\n여행에서 영감을 받은 minimute의 REMOOD BAG은 가벼우면서도 스타일리시한 디자인으로 데일리룩에 완벽한 포인트가 되어줍니다. 다양한 수납 공간과 고급스러운 소재 덕분에 실용성과 멋을 동시에 잡았죠.\n\n매 순간 특별한 하루를 만드는 당신의 일상에 REMOOD BAG이 함께합니다. 여행지에서도, 도심 속에서도 자유롭고 자신감 넘치는 스타일을 완성해 보세요. \n\n나만의 무드를 표현할 수 있는 minimute만의 감성을 경험해보세요!\n\n#minimute #REMOODBAG #여성이벤트 #패션가방 #데일리룩 #여자가방 #스타일링팁 #가방추천 #패션스타그램 #여행가방 #모던룩 #심플한디자인 #여름패션',NULL,NULL,1358,NULL,57,'정보형'),(401,'2025-07-16 00:00:00','minimute Mood Vintage Bag 컬렉션 소개 - 복고풍과 현대 감각의 만남',NULL,'A stylish vintage-inspired handbag collection displayed elegantly on a minimalist background with soft lighting, showcasing retro textures blended with modern sleek design, emphasizing both classic charm and contemporary fashion, high resolution, fashion photography','minimute의 Mood Vintage Bag 컬렉션은 복고풍의 감성과 현대적 세련미가 완벽하게 조화를 이룹니다. \n\n옛날 감성을 담은 클래식한 디자인에 실용적인 디테일을 더해 매일의 룩에 특별함을 더해줍니다. \n\n다양한 크기와 스타일로 여행은 물론 데일리 룩에 경쾌한 무드를 선사하는 minimute만의 독창적인 여성 가방 컬렉션, 바로 지금 만나보세요!\n\n복고풍과 현대적인 감각을 동시에 느낄 수 있는 Mood Vintage Bag, 올 가을/겨울 필수 아이템으로 추천합니다.\n\n#minimute #MoodVintageBag #여성가방 #복고풍가방 #빈티지가방 #패션가방 #데일리가방 #여성패션 #트렌드가방 #가방스타일 #가을패션 #윈터룩 #핸드백스타일 #스타일링아이템',NULL,NULL,1598,NULL,58,'정보형'),(402,'2025-07-23 00:00:00','2025 가을/겨울 여성 가방 트렌드: 비대칭 숄더백과 미니 배럴 백 스타일링 팁',NULL,'Fashion photography of a stylish woman showcasing 2025 autumn/winter asymmetrical shoulder bag and mini barrel bag by minimute, urban background, warm and cozy tones, vintage-modern fusion, detailed textures on leather bags, minimalistic yet chic outfit styling, 4:5 aspect ratio','2025 가을/겨울 여성 가방 트렌드에 맞춘 minimute의 비대칭 숄더백과 미니 배럴 백을 만나보세요!\n\n이번 시즌은 개성과 실용성을 동시에 갖춘 디자인이 대세입니다. 특히 비대칭 숄더백은 독특한 실루엣으로 스타일에 포인트를 더하고, 미니 배럴 백은 컴팩트하면서도 수납력이 뛰어나 데일리룩에 안성맞춤이에요.\n\nminimute는 여행을 사랑하는 여성을 위해 가벼우면서도 세련된 가방을 선보입니다. 복고풍과 현대적 감성이 조화를 이루는 디자인으로 어떤 스타일에도 자연스럽게 녹아들어 당신의 가을/겨울 코디를 완성해 줍니다.\n\n스타일링 팁: 톤온톤 니트와 트렌치 코트에 비대칭 숄더백으로 독특한 매력을, 미니 배럴 백은 캐주얼 자켓과 매치해 활동적인 무드를 연출해 보세요.\n\n패션의 완성은 작은 디테일에서 시작됩니다. minimute와 함께 올가을 당신만의 감각을 표현해 보세요.\n\n#minimute #여성가방 #비대칭숄더백 #미니배럴백 #가을가방트렌드 #겨울가방 #패션스타일링 #복고풍가방 #실',NULL,NULL,1741,NULL,58,'감성전달형'),(403,'2025-07-30 00:00:00','실용성과 스타일을 겸비한 Remood Bag의 다양한 활용법',NULL,'A stylish and versatile woman carrying a Remood Bag from minimute in various urban settings, showcasing different ways to wear it — crossbody, shoulder bag, and hand-carried. The bag features vintage-inspired design with modern touches, soft leather texture, and spacious compartments. The background','실용성과 스타일을 한 번에! minimute의 Remood Bag으로 다양한 룩을 완성해보세요.\n\n복고풍의 감성을 현대적으로 재해석한 이 가방은 뛰어난 수납력과 가벼운 착용감으로 데일리 백으로 완벽해요. 크로스바디, 숄더, 핸드백 등 자유로운 스타일 변신이 가능해 출장, 데이트, 여행 어디서든 빛을 발하죠.\n\n특히 2024년 가을/겨울 트렌드를 담아 부드러운 가죽과 빈티지한 디자인, 넉넉한 포켓까지 놓치지 않았답니다. 당신의 일상을 더욱 특별하게 만들어줄 minimute Remood Bag과 함께 멋스러운 하루를 시작하세요!\n\n#minimute #RemoodBag #실용적인가방 #여성가방 #복고풍디자인 #가을패션 #데일리룩 #여행가방 #미니멀패션 #여자가방 #패션아이템 #스타일팁',NULL,NULL,1642,NULL,58,'홍보중심형'),(404,'2025-08-06 00:00:00','minimute Clo Bag으로 완성하는 일상 속 패션 포인트',NULL,'A stylish young woman walking confidently in an urban setting, wearing trendy casual clothes accessorized with a chic, compact minimute Clo Bag. The bag features vintage-inspired design details with modern practicality, soft leather textures, and warm autumn tones. Background shows soft-focus city b','일상 속에서 작지만 확실한 패션 포인트가 되어주는 minimute의 Clo Bag을 소개합니다.\n\n복고풍 무드와 현대적 세련미를 결합한 이 가방은 여성의 스타일을 한층 더 돋보이게 해주며, 실용성을 놓치지 않았습니다. 가벼운 무게와 적당한 크기로 데일리룩에 자연스레 스며들어 어디서든 자신감 있는 분위기를 연출할 수 있어요.\n\n특히 2024년 봄·여름 시즌 트렌드를 반영한 다양한 컬러와 디자인으로, 옷장 속 어떤 아이템과도 어울리는 슈퍼패션 아이템!\n\n당신의 하루를 특별하게 만들어줄 minimute Clo Bag과 함께 일상 속 멋진 순간을 완성하세요.\n\n#minimute #클로백 #여성이방 #패션아이템 #데일리룩 #복고풍가방 #가죽가방 #실용적인가방 #트렌드스타일 #여성패션 #가방추천 #가을패션 #패션포인트',NULL,NULL,1649,NULL,58,'정보형'),(405,'2025-07-16 00:00:00','신제품 여성 의류 소개: 미니멀하면서 세련된 스타일의 신상품 라인업','user/project/ai-generated/20250712_064704_pm_mRBbxJMMY4D2.png','Minimalist and elegant women\'s fashion collection, sleek modern clothing on neutral background, soft natural lighting, showcasing sophisticated yet simple style, subtle earth tones and monochrome palette, clean studio shot, 4:5 aspect ratio','?미니멀리즘과 세련됨의 만남, minimute 신제품 여성 의류 라인업을 소개합니다.\n\n군더더기 없이 깔끔한 디자인과 고급스러운 소재로 완성된 이번 컬렉션은 스타일과 편안함을 모두 채워줍니다. \n\n어디에나 어울리는 심플한 실루엣으로, 데일리부터 오피스룩까지 완벽하게 소화할 수 있어요. \n\n작지만 확실한 포인트를 더한 minimute만의 감각적인 디테일로 당신의 룩을 한층 돋보이게 만들어드립니다.\n\n새로운 계절, 더 담백하고 세련된 스타일로 변신하고 싶다면 지금 minimute와 함께 하세요!\n\n#미니멀룩 #세련된여성의류 #minimute #데일리패션 #여성패션 #미니멀패션 #newcollection #여성코디 #패션스타그램 #감각적인디자인',NULL,1982,1389,NULL,59,'정보형'),(406,'2025-07-23 00:00:00','여성 여름 스타일링 팁: minimute의 가볍고 스타일리시한 의류 활용법','user/project/ai-generated/20250712_064706_pm_vAWJdNRgdN31.png','Stylish young woman enjoying summer day wearing lightweight, breezy, and minimalistic female clothing from minimute brand, urban outdoor setting, vibrant yet soft pastel colors, modern casual look, fresh and comfortable mood, high fashion streetwear style, 4:5 aspect ratio','여름철 여성 스타일링, minimute의 가볍고 스타일리시한 의류로 완성하세요!\n\n더운 날씨에도 편안함과 멋을 동시에 놓치지 않는다면, minimute가 정답입니다. 피부에 닿는 촉감이 가볍고 통기성이 좋아 쾌적하며, 미니멀한 디자인으로 다양한 룩에 자연스럽게 어울려 데일리부터 여행까지 활용도 만점이에요.\n\n특히, 심플하지만 세련된 라인과 컬러감이 돋보여 여름 내내 시원하고 우아한 매력을 뽐낼 수 있답니다. 스타일과 실용성을 모두 갖춘 minimute 여성 의류와 함께 올여름 감각적인 코디를 완성해보세요!\n\n#미니멀룩 #여름패션 #스타일링팁 #여성의류 #minimute #여름스타일링 #패션브랜드 #데일리룩 #가볍고편한옷 #여성패션',NULL,1993,1408,NULL,59,'감성전달형'),(407,'2025-07-30 00:00:00','고객 후기 및 스타일 공유: 실제 고객들의 자연스러운 착용 사진과 이야기','user/project/ai-generated/20250712_064711_pm_pGOjzRWLYaKE.png','Natural candid photos of diverse women wearing stylish and comfortable women\'s clothing from minimute brand, urban and cozy settings, daylight, authentic joyful expressions, minimalistic fashion focus, mix of casual and chic outfits, vibrant yet soft color palette, 4:5 aspect ratio','✨minimute 고객들이 직접 들려주는 자연스러운 스타일 이야기✨\n\n저희 여성 의류는 매일 입어도 편하고, 스타일은 놓치고 싶지 않은 분들을 위해 제작되었어요. 실제 고객분들이 착용한 모습 그대로 엿볼 수 있는 이 사진들에서, 각자의 하루에 자연스레 스며드는 minimute만의 감성을 느껴보세요.\n\n데일리룩, 오피스룩, 데이트 스타일 어디에나 잘 어울리는 디자인과 편안함으로 여러분의 일상을 빛내드립니다. 반복되는 패션 고민, 이제 minimute와 함께 가볍고 세련된 하루를 시작해보세요.\n\n고객님의 리얼 후기는 저희에게 가장 큰 힘이 된답니다. 앞으로도 계속 이어질 멋진 스타일 이야기, 기대해 주세요! \n\n#미니멋 #minimute #여성패션 #데일리룩 #실제고객스타일 #편안한의류 #자연스러운스타일 #패션후기 #트렌디룩 #감성패션',NULL,1991,1409,NULL,59,'홍보중심형'),(408,'2025-08-06 00:00:00','브랜드 스토리와 철학: minimute가 지향하는 패션 가치 및 여성 의류의 특별함','user/project/ai-generated/20250712_064707_pm_K14Vz54rdM7X.png','Elegant and minimalist fashion photoshoot featuring female models wearing diverse and sophisticated womenswear by minimute, highlighting subtle textures and modern cuts against a soft pastel backdrop, natural lighting, clean composition, 4:5 aspect ratio','minimute가 추구하는 패션의 가치는 바로 \'시간을 초월한 여성미\'입니다.\n\n저희는 단순히 옷을 만드는 것이 아니라, 매 순간 자신감을 높이고 특별한 하루를 완성하는 여성 의류를 디자인합니다. 작지만 강한 세련미, 그리고 세밀한 디테일에 집중해 편안하면서도 스타일리시한 아이템을 선보이고 있죠.\n\n여성의 다양하고 독특한 아름다움을 존중하며, 매 순간 옷이 가진 철학과 가치가 입는 이의 이야기가 되길 바랍니다. minimute와 함께라면 단순한 일상도 특별해집니다.\n\n자신만의 리듬과 개성을 담은 패션, minimute와 함께 시작해 보세요!\n\n#minimute #여성패션 #일상룩 #페미닌스타일 #미니멀웨어 #패션철학 #여성의류 #스타일링팁 #자신감패션 #오피스룩 #데일리룩 #모던패션',NULL,1982,1401,NULL,59,'정보형'),(409,'2025-07-16 00:00:00','2025 봄 신상 미니멀 여성 가방 컬렉션 소개 - MOOD VINTAGE BAG 스포트라이트',NULL,'A clean, minimalistic spring fashion scene featuring the 2025 MOOD VINTAGE BAG collection by minimute. Show diverse women styled with soft pastel and earth-tone outfits carrying elegant, vintage-inspired small bags. The setting is a bright, airy outdoor urban environment with subtle floral accents a','올 봄, 여성들의 필수 아이템을 소개합니다! minimute의 2025 봄 신상 \"MOOD VINTAGE BAG\" 컬렉션은 미니멀한 디자인과 빈티지 감성이 완벽하게 조화를 이루었어요.\n\n가볍고 실용적인 크기로 여행이나 데일리룩에 모두 어울리며, 다양한 색감과 클래식한 무드가 스타일에 포인트를 더해줍니다. \n\n단순한 패션 아이템을 넘어, 나만의 감성을 표현하는 미니멀리스트 여성들을 위한 최적의 선택! 이번 봄, minimute와 함께 트렌디하면서도 편안한 스타일을 완성해보세요.\n\n#minimute #모던베이직 #MOODVINTAGEBAG #봄가방 #여성패션 #미니멀가방 #봄신상 #빈티지스타일 #데일리백 #여행가방 #패션아이템',NULL,NULL,1493,'Connection error',60,'정보형'),(410,'2025-07-23 00:00:00','여행을 위한 스타일링 팁: FERRETTI BAG과 함께하는 여성 여름 패션 제안','user/project/ai-generated/20250712_064731_pm_NXVRx1AnxaKb.png','A stylish young woman on a sunny summer day packing essentials into a chic FERRETTI BAG by minimute, dressed in light, fashionable summer clothing with beach and city backgrounds, capturing vibrant colors and joyful travel vibes, high-quality lifestyle photography, 4:5 aspect ratio','여름 여행의 시작, minimute의 FERRETTI BAG과 함께하는 여름 패션 스타일링 팁을 소개합니다! \n\n가볍고 실용적인 FERRETTI BAG은 어떤 룩에도 완벽하게 어울리며, 여행 필수 아이템들을 깔끔하게 수납해 편리함을 더해줍니다. 시원하고 세련된 여성 의류와 매치하면 더할 나위 없이 완벽한 트래블 룩 완성! \n\n더운 날씨에도 부담 없이 착용 가능한 옷차림과, 감각적인 디자인의 가방 조합으로 여러분의 여름 여행을 더욱 특별하게 만들어보세요. minimute만의 감성과 품질로 일상과 여행 모두에서 자신감 있는 스타일을 완성하세요!\n\n#미니뮛 #FERRETTIBAG #여름패션 #여행스타일링 #여성패션 #트래블룩 #여름가방 #패션가방 #여름여행 #여성의류 #스타일팁 #여행준비 #소셜커머스 #패션브랜드 #데일리룩',NULL,1994,1505,NULL,60,'감성전달형'),(411,'2025-07-30 00:00:00','MINIMAL BAG 시리즈의 다양한 활용법과 여성 데일리 코디 아이디어',NULL,'A stylish young woman showcasing the MINIMAL BAG series by minimute in various daily outfits, urban street and casual settings, natural lighting, modern minimalist fashion vibe, diverse ensemble combinations highlighting the bag\'s versatility, clean backgrounds, 4:5 aspect ratio','데일리 코디의 완성, minimute의 MINIMAL BAG 시리즈를 소개합니다!\n\n여행과 일상 모두에 어울리는 가볍고 실용적인 미니멀 백으로, 다양한 스타일에 자연스럽게 매치할 수 있어요. 심플한 디자인과 다양한 컬러 옵션으로 어떤 복장에도 포인트를 주고, 손쉽게 스타일 업그레이드가 가능합니다.\n\n오피스룩, 캐주얼, 주말 나들이 룩까지, 그날그날의 분위기에 맞춘 스타일링 팁도 곧 공개할 예정이니 기대해 주세요! 편안함과 세련됨을 동시에 추구하는 여성들의 필수 아이템, minimute MINIMAL BAG과 함께라면 매일이 특별해집니다.\n\n#minimute #MINIMALBAG #여성가방 #미니멀백 #데일리코디 #패션스타일 #여성패션 #가벼운가방 #실용적인가방 #감성패션 #여행가방 #핸드백스타일링 #미니멀리즘패션',NULL,NULL,1484,'Connection error',60,'홍보중심형'),(412,'2025-08-06 00:00:00','여성 의류 브랜드 minimute의 가벼운 가방으로 완성하는 시즌 오프룩','user/project/ai-generated/20250712_064729_pm_42QNdl8qdw3b.png','A stylish young woman wearing a chic minimalist outfit, carrying a lightweight small shoulder bag from minimute\'s latest collection. The scene shows a sunny urban street vibe during the season change, emphasizing casual elegance and effortless fashion. The bag is compact, modern, in neutral tones, p','? 가볍고 세련된 가방 하나로 완성하는 시즌 오프룩\n\n여성 의류 브랜드 minimute의 미니멀하고 우아한 가방으로 이번 시즌 스타일에 가벼움을 더해보세요. 부담 없는 사이즈와 고급스러운 디자인이 일상부터 특별한 날까지 다양하게 매치할 수 있어, 어느 룩에도 자연스럽게 어울립니다.\n\n✔ minimute만의 차별화 포인트\n• 여행과 일상을 아우르는 실용성\n• 작지만 감각적인 디테일\n• 다양한 컬러와 디자인으로 선택의 폭 넓힘\n\n새로운 계절, 가볍고 세련된 무드로 스타일 변신을 원한다면 minimute 가방으로 완성하는 시즌 오프룩을 추천합니다!\n\n#minimute #여성가방추천 #시즌오프룩 #미니멀패션 #가벼운가방 #일상패션 #여성스타일링 #패션브랜드 #데일리룩 #여성의류 #여성패션',NULL,1994,1534,NULL,60,'정보형'),(413,'2025-07-21 00:00:00','네이처 감성 가득! 자연을 담은 촉촉한 로션 소개','user/project/ai-generated/20250717_110547_am_6brnxn89zPWq.png','A moisturizing lotion bottle surrounded by natural elements like green leaves, soft petals, and wooden textures; soft natural lighting with a warm, cozy atmosphere; clean and minimal design with pastel beige and green tones; delicate hand-drawn style typography with nature-inspired cursive font; foc','자연에서 온 촉촉함, 화장품의 네이처 감성 로션을 소개합니다.\n\n푸르른 잎사귀와 부드러운 꽃잎이 어우러진 자연의 색감을 담아 만든 이 로션은 피부에 싱그러운 수분과 영양을 가득 채워줘요. 미니멀하고 따뜻한 디자인에서 느껴지는 자연친화적인 감성 그대로, 바르는 순간 피부가 한층 건강해지는 기분을 선사합니다.\n\n매일 아침, 자연의 순수함을 피부로 경험하세요. 부드럽고 촉촉한 네이처 로션과 함께 하루 종일 생기 넘치는 피부를 완성해보세요.\n\n#네이처로션 #촉촉한피부 #자연주의화장품 #뷰티템추천 #수분가득 #피부보습 #친환경뷰티 #깨끗한뷰티 #화장품추천 #내추럴뷰티',NULL,1116,1424,NULL,61,'정보형'),(414,'2025-07-28 00:00:00','내 피부에 닿는 자연, 순수한 성분과 아름다운 포스터 비주얼','user/project/ai-generated/20250717_110548_am_k81lz7Wgz70P.png','A beautiful, minimalistic Instagram poster featuring a natural skincare lotion bottle surrounded by delicate green leaves and soft beige flowers, evoking purity and nature. Soft natural lighting, gentle shadows, and a clean white background highlight the product. Handwritten-style typography display','내 피부에 닿는 순수한 자연의 힘, 우리의 자연주의 로션을 소개합니다.\n\n녹색 잎사귀와 부드러운 꽃잎이 감싸듯 피부에 순하게 스며드는 성분으로 매일 촉촉한 아름다움을 선사해요. 인공 향이나 화학 성분을 배제하고 자연에서 온 순수함만 담아, 민감한 피부도 편안하게 사용할 수 있습니다.\n\n자연을 닮은 네이처한 비주얼과 함께, 피부 본연의 건강함을 찾아보세요. 매일 사용하는 로션 한 병이 당신의 피부에 새로운 생기를 불어넣어 줄 거예요.\n\n#자연주의로션 #순수한성분 #피부보습 #뷰티템추천 #민감피부케어 #네이처뷰티 #촉촉한피부 #인스타뷰티 #내추럴스킨케어 #데일리로션 #여름피부관리',NULL,1112,1445,NULL,61,'감성전달형'),(415,'2025-08-04 00:00:00','자연 색감과 소재가 어우러진 로션 사용 후기 & 팁','user/project/ai-generated/20250717_110546_am_0ZRLzVNbznNm.png','A natural-themed Instagram poster featuring a lotion bottle surrounded by soft beige, green, and brown tones, with delicate leaves and wooden textures in the background. The design includes gentle hand-lettered style typography emphasizing natural ingredients and moisture. Minimalistic and warm aest','자연 색감과 소재가 그대로 느껴지는 로션 사용 후기 & 꿀팁을 소개해요!\n\n✔ 천연에서 영감을 받은 화장품의 부드러운 질감과 산뜻함이 피부에 촉촉하게 스며들어 하루 종일 편안함을 느낄 수 있어요. \n✔ 자연 친화적 원료로 피부를 진정시키고 건강하게 가꿔주는 점에서 특별해요.\n✔ 가벼운 포뮬러로 끈적임 없이 빠르게 흡수되어 메이크업 전 보습 베이스로도 딱!\n\n✅ 작은 습관 팁 : 세안 후 물기가 살짝 남아 있을 때 바로 발라주시면 흡수가 더 빠르고 보습 효과가 배가되어요.\n\n자연을 담은 우리의 로션으로 매일 촉촉하고 산뜻한 피부를 경험해 보세요. #네이처뷰티 #천연화장품 #촉촉한피부 #로션추천\n\n#자연주의 #피부보습 #뷰티템 #스킨케어 #데일리뷰티 #친환경화장품 #내추럴스킨케어',NULL,1112,1462,NULL,61,'홍보중심형'),(416,'2025-08-11 00:00:00','미니멀하지만 따뜻한 느낌의 자연친화적 로션 스타일링','user/project/ai-generated/20250717_110544_am_75OVdDw4xraB.png','Minimalistic natural lotion bottle on a wooden surface surrounded by green leaves and soft natural light, warm beige and earthy tones, botanical elements like eucalyptus and wildflowers, clean and elegant composition, subtle shadows, gentle sunlight filtering through, hand-lettered style text overla','미니멀하지만 따뜻한 분위기의 자연친화적 로션을 소개합니다.\n\n자연에서 온 순수한 성분을 담아 피부에 부드럽게 스며드는 우리 제품은 깔끔한 디자인과 은은한 자연색감으로 감각적인 공간을 완성해요.\n\n과하지 않은 심플함 속에서 느껴지는 깊은 휴식과 보습, 매일의 스킨케어를 특별한 순간으로 만들어 드립니다.\n\n#자연주의화장품 #미니멀뷰티 #내추럴스킨케어 #따뜻한감성 #자연친화로션 #뷰티인스타그램 #편안한스킨케어 #스킨케어루틴 #친환경화장품 #로션추천',NULL,1114,1367,NULL,61,'정보형'),(417,'2025-07-21 00:00:00','힙한 러닝 스타일을 완성하는 나이키 신제품 런칭','user/project/ai-generated/20250717_111021_am_ky81Ya3wdZnQ.png','A dynamic and stylish young runner wearing the latest Nike running gear, moving energetically through an urban setting with vibrant street art and modern architecture in the background, showcasing eco-friendly materials and bold colors, 4:5 aspect ratio','힙한 러닝 스타일의 완성, 나이키 신제품 런칭!\n\n나이키가 최신 SNS 트렌드를 반영한 힙한 러닝 기어를 선보입니다. 도시의 활기찬 배경 속에서 자유롭고 자신감 넘치는 러너의 모습을 통해 나만의 스타일과 건강한 라이프를 동시에 챙겨보세요.\n\n특히 지속 가능한 소재를 사용해 환경까지 생각한 이번 신제품은, 스타일과 실용성 모두를 완벽하게 갖춘 아이템입니다. 러닝은 단순한 운동을 넘어 나를 표현하는 무대가 됩니다.\n\n지금 바로 나이키와 함께 힙하게 달려보세요!\n\n#나이키 #nike #러닝스타일 #힙한러닝 #지속가능패션 #친환경스포츠웨어 #운동스타일 #헬스룩 #청춘스타일 #러닝그램',NULL,1107,1480,NULL,62,'정보형'),(418,'2025-07-28 00:00:00','친환경 소재로 만든 나이키 포워드 후디 소개','user/project/ai-generated/20250717_111020_am_OZrRdBp2YEL2.png','Stylish young runner wearing a Nike Forward Hoodie made from eco-friendly, recycled polyester fibers, running confidently in urban environment, vibrant hip-hop street style, dynamic motion blur, sustainable fashion, environmental awareness, modern athletic wear, 4:5 aspect ratio','나이키 포워드 후디를 입고 힙하게 달려보세요! ? 이 후디는 재생 폴리에스터로 만들어져 탄소 발자국을 무려 75%나 줄인 친환경 아이템입니다. 러닝과 일상 모두에서 스타일과 지속 가능성을 동시에 챙길 수 있는 최고의 선택! 나이키가 제안하는 힙한 러닝 트렌드와 함께 건강한 라이프스타일을 시작해보세요.\n\n지속 가능한 패션으로 지구를 지키면서, 나만의 개성을 뽐내는 순간!\n\n#나이키포워드후디 #친환경패션 #힙한러닝 #지속가능한소재 #나이키러닝 #에코프렌들리후디 #친환경운동복 #스포츠패션 #힙스터스타일 #건강한라이프스타일',NULL,1112,1476,NULL,62,'감성전달형'),(419,'2025-08-04 00:00:00','젊은 러너를 위한 나이키 러닝화의 최신 트렌드 분석','user/project/ai-generated/20250717_111122_am_LqbVYo8kxn2K.png','A vibrant and trendy scene featuring young runners wearing the latest Nike running shoes in an urban environment, dynamic movement, bright colors, streetwear style, eco-friendly materials subtly highlighted, social media ad vibe, 4:5 aspect ratio','젊은 러너들을 위한 나이키 러닝화, 힙한 스타일과 최신 트렌드를 만나세요!\n\n나이키는 이번 시즌, 스타일과 기능성을 겸비한 러닝화를 선보이며 건강과 패션을 동시에 챙길 수 있게 했습니다. 특히 젊은 세대를 겨냥한 SNS 광고 캠페인은 트렌디한 디자인과 함께 지속 가능한 소재 사용으로 더 큰 반향을 일으키고 있어요.\n\n도심 속 러닝에 딱 맞는 경량감과 쿠셔닝, 그리고 환경을 생각한 친환경 소재로 더욱 신뢰받는 나이키의 러닝화를 경험해보세요. 운동과 패션을 모두 놓치지 않는 당신에게 딱 맞는 선택이 될 거예요!\n\n#나이키 #나이키러닝화 #러닝트렌드 #힙한러닝 #친환경운동화 #젊은러너 #스포츠패션 #건강한라이프스타일 #SNS광고 #nike #runningshoes #sustainability',NULL,1108,1511,NULL,62,'홍보중심형'),(420,'2025-08-11 00:00:00','나이키 힙한 러닝 SNS 광고 캠페인 비하인드 스토리',NULL,'Behind the scenes of a stylish Nike running SNS ad campaign, featuring diverse young athletes running through urban streets and vibrant cityscapes, dynamic poses capturing motion and energy, edgy streetwear with eco-friendly Nike running shoes, bright neon lighting and graffiti art background, high ','[나이키 힙한 러닝 캠페인 비하인드 스토리]\n\n나이키가 젊은 러너들의 감성과 스타일을 담은 힙한 러닝 광고 캠페인을 공개했어요! 도시의 에너지와 자유로움, 그리고 지속 가능한 소재를 활용한 혁신적 러닝화까지, 이번 캠페인은 단순한 운동을 넘어 라이프스타일을 제안합니다.\n\n각기 다른 개성으로 똘똘 뭉친 러너들이 도시 곳곳을 누비며, 여러분도 함께 달리고 싶은 마음을 자극하죠. 또, 나이키가 환경을 위한 친환경 소재를 도입해 러닝을 사랑하는 우리 모두가 지구를 지키는 데 동참할 수 있도록 했답니다.\n\n당신의 러닝, 당신의 스타일, 그리고 당신의 세상을 바꾸는 나이키의 힙한 러닝 캠페인에 주목하세요!\n\n#나이키 #nike #힙한러닝 #러닝캠페인 #런스타그램 #친환경러닝 #지속가능패션 #도시러닝 #러닝화 #러너라이프 #운동하는여자 #운동하는남자 #달리기 #건강한라이프스타일',NULL,NULL,1582,NULL,62,'정보형'),(421,'2025-07-21 00:00:00','나이키 힙한 러닝 신제품 \'에어로스위프트\' 출시 및 친환경 기능 소개',NULL,'A stylish young runner wearing Nike AeroSwift running shoes and apparel, sprinting through an urban park with lush green trees and modern city buildings in the background, showcasing dynamic motion and energy. The shoes have sleek, futuristic design with vibrant colors emphasizing eco-friendly mater','[나이키 에어로스위프트, 힙한 러닝의 신세계 ?]\n\n도시를 누비는 당신의 러닝 스타일, 이제 나이키 \'에어로스위프트\'와 함께 완성하세요! 가볍고 통기성 좋은 디자인에 75% 이상 재생 폴리에스터 소재를 더해 착용감은 물론 환경까지 생각한 친환경 러닝화를 선보입니다.\n\n힙하고 세련된 감성으로 젊은 러너들의 스타일을 완벽하게 살리고, 지속가능한 러닝 문화를 선도하는 나이키의 자부심을 느껴보세요.\n\n지금 바로 당신의 러닝을 한 단계 업그레이드할 시간! #에어로스위프트 와 함께 더 빠르게, 더 스타일리시하게, 그리고 더 친환경적으로 달려보세요.\n\n#나이키 #nike #에어로스위프트 #힙한러닝 #친환경러닝화 #러닝스타일 #스포츠패션 #도시러닝 #지속가능한패션 #스니커즈그램 #러닝화추천',NULL,NULL,1755,NULL,63,'정보형'),(422,'2025-07-28 00:00:00','에어맥스 SNDR: 스타일과 쿠셔닝을 겸비한 러닝화 리뷰','user/project/ai-generated/20250717_111022_am_vj7NxeM3xnmy.png','A stylish, dynamic shot of Nike Air Max SNDR running shoes in vibrant colors on an urban jogging path during sunrise, highlighting sleek design and cushioning technology, energetic youthful runner in trendy athletic wear, modern city background, high contrast and vivid colors, 4:5 aspect ratio','나이키 에어맥스 SNDR로 힙하고 스타일리시한 러닝을 경험해 보세요! \n\n이 신발은 혁신적인 쿠셔닝 기술로 뛰어난 착용감을 보장하면서도, 시선을 사로잡는 감각적인 컬러 조합과 디자인을 자랑합니다. 운동을 사랑하는 젊은 러너들은 물론, 데일리 패션 아이템으로도 완벽한 선택이죠.\n\n도심 속에서도 편안함과 스타일을 동시에 챙기고 싶다면, 나이키 에어맥스 SNDR가 답입니다. 러닝화에 새로운 기준을 제시하는 이 제품과 함께 달리며 나만의 힙한 러닝 문화를 만들어 보세요!\n\n#나이키 #에어맥스SNDR #힙한러닝화 #러닝스타일 #운동패션 #나이키러닝 #스포티룩 #트렌디스니커즈 #쿠셔닝좋은신발 #도심러닝 #젊은러너 #패션과기능 #운동스타일링 #러닝화추천',NULL,1117,1724,NULL,63,'감성전달형'),(423,'2025-08-04 00:00:00','러닝은 일상! 나이키로 스타일리시하게 즐기는 힙한 러닝 문화 제안','user/project/ai-generated/20250717_111036_am_NRAazZqkdvy0.png','A stylish urban runner wearing Nike Air Max sneakers and AeroSwift running singlet, running through a vibrant cityscape with dynamic motion blur, bright and youthful vibe, emphasis on sustainable fashion and cutting-edge sportswear, neon lights and street art background, 4:5 aspect ratio','러닝은 이제 단순한 운동을 넘어 일상의 힙한 라이프스타일이 되었습니다! 나이키의 에어로스위프트 드라이 핏 싱글렛과 에어맥스 SNDR 신발로 스타일과 편안함을 동시에 잡으세요. \n\n친환경 소재로 만든 에어로스위프트는 가볍고 통기성이 좋아 매일 러닝 루틴을 꾸준히 즐길 수 있게 도와주고, 에어맥스 SNDR은 안정감 있는 쿠셔닝과 멋진 컬러 조합으로 어디서든 주목받는 힙한 분위기를 완성해 줍니다. \n\n지금 나이키와 함께 나만의 러닝 문화를 만들어보세요. 운동하는 순간도 패션의 무대가 된답니다!\n\n#나이키러닝 #nike #힙한러닝 #에어로스위프트 #에어맥스SNDR #지속가능패션 #러닝스타일 #운동하는여자 #운동하는남자 #러닝일상 #헬스라이프 #스포티룩 #친환경스포츠웨어 #러닝그램 #nikekorea',NULL,1117,1743,NULL,63,'홍보중심형'),(424,'2025-08-11 00:00:00','나이키 신제품 힙한 러닝 SNS 광고 속 주요 특징과 디자인 트렌드','user/project/ai-generated/20250717_111020_am_ZXr9d8Mqzg3j.png','A stylish urban runner wearing Nike\'s latest hi-tech running shoes and apparel in a dynamic street environment, vibrant colors, futuristic sporty design, eco-friendly materials texture visible, energetic motion blur, trendsetting youth vibe, crisp and clean composition, 4:5 aspect ratio','나이키의 최신 힙한 러닝 신제품으로 스타일과 기능을 완벽히 겸비한 러닝 문화를 만나보세요! \n\n이번 SNS 광고는 재생 폴리에스터를 활용한 친환경 소재와 통기성 뛰어난 가벼운 디자인으로, 러닝을 즐기는 젊은 세대에게 새로운 트렌드를 제안합니다. \n\n독특하고 감각적인 컬러 조합과 안정적인 쿠셔닝의 에어맥스 SNDR 신발까지, 운동선수와 스트리트 패션을 동시에 만족시키는 나이키만의 혁신적인 아이템을 경험해보세요.\n\n일상에서도 힙하고 편안한 러닝 스타일을 완성하는 나이키의 새로운 러닝 광고와 함께라면, 달리기가 더욱 특별해질 거예요!\n\n#나이키 #nike #러닝신제품 #힙한러닝 #에어맥스SNDR #친환경운동화 #스트리트패션 #운동스타일 #SNS광고 #헬스패션 #러닝스타일 #트렌드세터 #에코러닝',NULL,1115,1727,NULL,63,'정보형');
/*!40000 ALTER TABLE `content` ENABLE KEYS */;
UNLOCK TABLES;

--
-- Table structure for table `contentRequest`
--

DROP TABLE IF EXISTS `contentRequest`;
/*!40101 SET @saved_cs_client     = @@character_set_client */;
/*!40101 SET character_set_client = utf8 */;
CREATE TABLE `contentRequest` (
  `id` int NOT NULL AUTO_INCREMENT,
  `trendIssue` varchar(45) DEFAULT NULL,
  `snsEvent` varchar(45) DEFAULT NULL,
  `essentialKeyword` varchar(45) DEFAULT NULL,
  `competitor` varchar(250) DEFAULT NULL,
  `uploadCycle` varchar(5) DEFAULT NULL,
  `toneMannerList` varchar(60) DEFAULT NULL,
  `imageVideoRatio` tinyint DEFAULT NULL,
  `imageRatio` varchar(5) DEFAULT NULL,
  `directionList` varchar(25) DEFAULT NULL,
  `searchResult` varchar(800) DEFAULT NULL,
  `searchToken` smallint DEFAULT NULL,
  `subjectToken` smallint DEFAULT NULL,
  `createdAt` datetime DEFAULT NULL,
  `fk_projectId` int NOT NULL,
  PRIMARY KEY (`id`),
  KEY `contentRequest_project_idx` (`fk_projectId`),
  CONSTRAINT `contentRequest_project` FOREIGN KEY (`fk_projectId`) REFERENCES `project` (`id`)
) ENGINE=InnoDB AUTO_INCREMENT=89 DEFAULT CHARSET=utf8mb4 COLLATE=utf8mb4_0900_ai_ci;
/*!40101 SET character_set_client = @saved_cs_client */;

--
-- Dumping data for table `contentRequest`
--

LOCK TABLES `contentRequest` WRITE;
/*!40000 ALTER TABLE `contentRequest` DISABLE KEYS */;
INSERT INTO `contentRequest` VALUES (1,'여름',NULL,'아몬드','기능성 화장품','주 2회','[\"친근/다정한\",\"대화하는 어조\",\"위트 있는\",\"고급스러운\",\"신뢰감 있는\"]',40,'1:1','[\"정보형\",\"감성전달형\",\"홍보중심형\"]','여름철 기능성 화장품 시장에서는 피부 보호와 수분 공급이 핵심 트렌드로 부상하고 있습니다. 특히, 자외선 차단 기능이 강화된 제품과 수분 보충에 효과적인 화장품이 소비자들의 주목을 받고 있습니다. 또한, 친환경과 지속 가능한 소재를 활용한 천연 화장품의 수요가 증가하고 있으며, 이는 소비자들의 건강과 환경에 대한 관심이 반영된 결과입니다.\n\n경쟁사들은 빠른 트렌드 변화에 대응하기 위해 SNS와 유튜브를 활용한 마케팅 전략을 강화하고 있습니다. 또한, OEM·ODM 시장의 확장으로 중소 브랜드의 시장 진입이 증가하고 있으며, 이는 시장 경쟁을 더욱 치열하게 만들고 있습니다. K-뷰티의 글로벌 인기와 일본, 북미 시장의 확장 가능성은 기회로 작용하고 있습니다.\n\n이러한 시장 환경에서 \'아몬드\' 브랜드는 기능성 화장품의 핵심 요소인 자외선 차단과 수분 공급에 중점을 두어 제품을 개발하고, 친환경 소재를 활용한 천연 화장품 라인업을 확대하는 것이 중요합니다. 또한, SNS와 유튜브를 활용한 마케팅 전략을 강화하여 MZ세대를 타겟으로 한 브랜딩을 추진하고, OEM·ODM 시장의 확장과 글로벌 시장 진출을 고려한 전략을 수립하는 것이 필요합니다. ',397,1127,'2025-06-02 19:06:57',2),(2,'마케팅 콘텐츠, 마케팅 기획, AI 콘텐츠, 개인화 콘텐츠','팔로우 이벤트, 신제품 홍보 이벤트','아몬드, amond, 마케팅 콘텐츠, AI 마케팅 콘텐츠','https://www.instagram.com/litt.ly/','주 3회','[\"위트 있는\",\"신뢰감 있는\",\"대화하는 어조\"]',49,'4:5','[\"정보형\",\"홍보중심형\"]','아몬드는 텍스트 기반 AI 콘텐츠 제작 서비스로, SNS 콘텐츠 기획과 제작을 지원합니다. 챗GPT와 구글 트렌드 API를 결합하여 실시간으로 가장 인기 있는 콘텐츠를 생성하며, 브랜드의 고유 매력을 반영한 맞춤형 콘텐츠를 제공합니다. 이를 통해 릴스, SNS 이벤트, 체험단, 프로모션 등 다양한 콘텐츠를 한 곳에서 기획하고 제작할 수 있습니다. 또한, 5만 건 이상의 트렌드 분석을 통해 실시간으로 시장 흐름을 파악하고, 캡션과 본문 텍스트를 자동으로 생성하여 시간과 비용을 절약할 수 있습니다. 간편한 협업과 일정 관리 기능을 통해 팀원들과의 소통도 원활하게 지원합니다.\n\n경쟁사인 리틀리는 인스타그램을 통해 다양한 마케팅 콘텐츠를 제공하는 것으로 보입니다. 그러나 구체적인 서비스 내용이나 특징에 대한 정보는 확인되지 않습니다.\n\n마케팅 분야에서는 생성 AI를 활용한 개인화된 콘텐츠 제작이 주목받고 있습니다. 예를 들어, 넷플릭스는 사용자의 시청 기록을 분석하여 맞춤형 콘텐츠를 추천하고 있으며, 이베이는 생성 AI를 활용해 상품 광고 문구와 이미지를 자동으로 생성하여 광고 성과를 높이고 있습니다. ([jshpro.tistory.com](https://jshpro.tistory.com/11?utm_source=openai))\n\n또한, 팬슈머(Fansumer)는 브랜드의 팬이자 소비자로서, 제품 기획과 홍보 아이디어를 제공하고 실제 구매를 통해 브랜드에 적극 참여하는 소비자를 의미합니다. 예를 들어, 방탄소년단(BTS)의 팬덤인 아미는 맥도날드와의 협업을 통해 \'The BTS 세트\'를 구매하며 브랜드와의 연계를 강',673,1586,'2025-06-03 11:09:17',5),(3,NULL,NULL,NULL,NULL,'주 2회','[]',40,'4:5','[]','최윤혁 박사는 서울대학교에서 컴퓨터공학 박사 학위를 취득한 후, 삼성 SDS에서 연구 과학자로 재직 중입니다. 그의 연구 분야는 데이터 마이닝, 그래프 알고리즘, 대형 언어 모델 등이며, 아리조나 주립대학교에서 박사후 연구원으로도 활동한 바 있습니다. \n\n최윤혁 박사는 현재 삼성 SDS의 AI 연구실에서 LLM과 그래프 RAG 분야의 연구를 수행하고 있습니다.  ',194,851,'2025-06-03 13:34:37',6),(4,NULL,NULL,NULL,NULL,'주 2회','[]',40,'4:5','[]','초이닷은 최신 인공지능 기술을 활용하여 키워드 트렌드 분석과 유튜브 영상 요약 서비스를 제공하는 플랫폼입니다. 이를 통해 사용자는 실시간으로 트렌드 키워드를 모니터링하고, 유튜브 영상을 자동으로 요약하여 주요 포인트를 빠르게 파악할 수 있습니다. 또한, 맞춤형 요약 분석을 통해 사용자의 필요에 맞춘 정보를 제공합니다.\n\n이러한 서비스는 특히 디지털 마케팅 분야에서 유용합니다. 예를 들어, 소셜 미디어에서의 해시태그 활용은 브랜드 인지도 증대와 사용자 참여 유도에 효과적입니다. 트렌디한 해시태그를 전략적으로 사용하면 온라인 인지도와 참여도를 극대화할 수 있습니다. ([epart.com](https://epart.com/%ED%95%B4%EC%8B%9C%ED%83%9C%EA%B7%B8-%EA%B8%B0%EC%82%AC%EB%A5%BC-%ED%99%9C%EC%9A%A9%ED%95%9C-%EC%86%8C%EC%85%9C-%EB%AF%B8%EB%94%94%EC%96%B4-%EB%A7%88%EC%BC%80%ED%8C%85%EC%9D%98-%EC%B5%9C%EC%A0%84/?utm_source=openai))\n\n또한, 효과적인 키워드 분석은 검색 의도 파악과 시장 트렌드 예측에 중요합니다. 이를 통해 경쟁사보다 앞서나가고, 전략적 콘텐츠 기획을 할 수 있습니다. ([epart.com](https://epart.com/%ED%9A%A8%EA%B3%BC%EC%A0%81%EC%9D%B8-%ED%82%A4%EC%9B%8C%EB%93%9C-%EB%B6%84%EC%84%9D%EC%9C%BC%EB%A1%9C-%EA%B2%BD%EC%9',652,1304,'2025-06-03 13:35:03',6),(5,'헬스 피드',NULL,NULL,NULL,'주 2회','[]',40,'4:5','[]','헬스케어 분야에서 최근 주목받는 트렌드는 \'헬스 피드\'입니다. 이는 개인의 건강 데이터를 실시간으로 추적하고 분석하여 맞춤형 건강 정보를 제공하는 시스템을 의미합니다. 이러한 시스템은 웨어러블 기기와 모바일 애플리케이션을 통해 사용자의 신체 상태, 운동량, 수면 패턴 등을 모니터링하며, 이를 기반으로 건강 관리에 필요한 조언과 피드백을 제공합니다.\n\n또한, 최근에는 물리치료사들이 \'운동 코칭·재활 관리\' 분야로의 전문성을 확대하고 있습니다. 이는 기존의 기계치료 중심에서 벗어나, 환자들에게 운동과 재활을 종합적으로 제공함으로써 새로운 수익 모델과 브랜딩 기회를 창출하는 방향으로 나아가고 있습니다.\n\n이러한 트렌드는 개인 맞춤형 건강 관리와 전문성 강화를 통해 헬스케어 분야의 경쟁력을 높이는 데 기여하고 있습니다. ',302,965,'2025-06-03 13:56:09',7),(6,'야구장광고를 하고 싶어',NULL,NULL,NULL,'주 2회','[]',40,'4:5','[]','야구장 광고는 관중과 시청자에게 브랜드를 효과적으로 노출시키는 강력한 마케팅 수단입니다. 최근 트렌드와 사례를 통해 야구장 광고의 주요 포인트를 정리해 드리겠습니다.\n\n**1. 그라운드 페인팅 광고**\n\n경기장 잔디나 바닥에 브랜드 로고나 메시지를 직접 새기는 방식으로, 관중의 시선과 중계 화면에 자연스럽게 노출됩니다. 예를 들어, 교원그룹은 롯데 자이언츠의 사직구장에서 1루와 3루 파울 라인 바깥 잔디에 구몬학습 로고를 새겨 넣었습니다. 이러한 광고는 경기 중 관중과 TV 시청자 모두에게 브랜드 인지도를 높이는 데 효과적입니다. ([fnnews.com](https://www.fnnews.com/news/200807221752021728?utm_source=openai))\n\n**2. 네이밍 라이트 및 스폰서십**\n\n경기장 내 특정 구역이나 시설의 명칭을 스폰서의 이름으로 변경하여 브랜드를 노출시키는 방법입니다. LA 다저스는 경기장 내 필드 명칭을 스폰서사에 양도하여 연간 1,200만 달러를 수익으로 얻었습니다. 이러한 전략은 브랜드와 경기장의 상호 이익을 도모할 수 있습니다. ([joongang.co.kr](https://www.joongang.co.kr/article/21782227?utm_source=openai))\n\n**3. 숏폼 콘텐츠 활용**\n\n틱톡, 유튜브 숏츠 등 짧은 형식의 동영상 플랫폼을 활용한 광고가 주목받고 있습니다. 이러한 플랫폼에서 인플루언서와 협업하여 브랜드 메시지를 전달하면 젊은 층의 관심을 끌 수 있습니다. 특히, 숏폼 콘텐츠는 빠른 소비와 높은 공유율로 인해 효과적인 마케팅 도',708,1356,'2025-06-03 14:09:12',7),(7,'ai, 아나운서, 진로, 오프라인',NULL,'세이스피치, 스피치학원, sayspeech','https://wspeech.co.kr/html/main.html?campaignid=38843026&adgroupid=54984075111&keyword=%EC%8A%A4%ED%94%BC%EC%B9%98%ED%95%99%EC%9B%90&device=c&gad_source=1&gad_campaignid=38843026&gbraid=0AAAAAD72e1jELy5i2Ox1RJ8ZEwzKaHFfV&gclid=Cj0KCQjwuvrBBhDcARIsAKR','주 4회','[\"신뢰감 있는\",\"대화하는 어조\",\"고급스러운\"]',50,'4:5','[\"정보형\",\"홍보중심형\"]','세이스피치는 스피치 교육을 전문으로 하는 기관으로, 아나운서 출신의 강사들이 직접 지도하며, 발표 능력 향상과 논리적 사고, 표현력 강화를 목표로 합니다. 대상은 초등학생부터 성인까지 다양하며, 특목고, 대입, 입사 면접 대비 프로그램도 제공합니다.\n\n경쟁사로는 우지은 더블유(W)스피치학원이 있으며, 이 학원은 2010년에 설립되어 16년의 역사를 가지고 있습니다. 서울 서초구에 위치하며, 보이스&스피치, 면접, CS 강사 등을 채용하고 있습니다. ([jobkorea.co.kr](https://www.jobkorea.co.kr/Recruit/GI_Read/46411504?utm_source=openai))\n\n또한, 온에어(ON AIR)스피치학원은 세종특별자치시 새롬동에 위치한 전문 스피치 교육 기관으로, 8세부터 성인까지 운영하며, 발표 능력 향상과 비언어적 요소 훈련을 제공합니다. ([academy.prompie.com](https://academy.prompie.com/academies/detail/g5xcifq/%EC%98%A8%EC%97%90%EC%96%B4%28ON%20AIR%29%EC%8A%A4%ED%94%BC%EC%B9%98%ED%95%99%EC%9B%90/?utm_source=openai))\n\n나나 스피치학원 인천청라점은 아나운서 출신 원장이 직접 지도하는 스피치 교육 기관으로, 작은 목소리와 표현력 부족을 극복하고 논리력을 키우고자 하는 아이들을 위한 맞춤형 프로그램을 제공합니다. ([learns.academy](https://learns.academy/academies/96549f72-9c7',790,1738,'2025-06-03 18:16:45',8),(8,NULL,NULL,NULL,NULL,'주 2회','[]',40,'4:5','[]','아몬드컴퍼니(Amond Inc.)는 2017년에 설립된 벤처기업으로, 현재 약 40명의 직원이 근무하고 있습니다. 주요 서비스로는 전 세계 K-POP 팬들과 아티스트를 실시간으로 연결하는 \'헬로라이브(hellolive)\'와 여성향 종합 콘텐츠 플랫폼인 \'헤븐리(heavenly)\'를 제공하고 있습니다. 이러한 서비스들은 출시 이후 급성장하여 해당 분야의 대표 서비스로 자리매김하였습니다. 또한, 서울대기술지주, 벤처캐피탈, 상장사 등으로부터 투자를 유치하여 재무적으로 안정적인 기반을 확보하고 있습니다. 근무 환경은 유연근무제와 주 3회 점심 제공 등으로 팀원들의 업무 집중도를 높이고 있으며, 사무실은 강남구청역과 선정릉역에서 도보 10분 거리에 위치한 쾌적한 자체 사옥에 자리하고 있습니다. ',302,965,'2025-06-04 13:19:34',9),(9,NULL,NULL,NULL,NULL,'주 2회','[\"친근/다정한\",\"대화하는 어조\"]',40,'4:5','[\"정보형\",\"홍보중심형\"]','와카와카는 사용자의 건강한 삶을 위한 홈 건강 관리 로봇 브랜드로, 부담 없는 건강 관리를 실현하고자 합니다. 이러한 브랜드 철학을 바탕으로, 사용자의 다양한 건강 관리 요구에 부합하는 제품을 개발하고 있습니다. 특히, 직장이나 외부 활동으로 인한 피로와 건강 걱정을 해결하기 위해, 규칙적인 식단과 운동을 독려하는 기능을 제공합니다. 이를 통해 사용자가 지속적으로 건강한 생활 습관을 형성할 수 있도록 돕고 있습니다. ',198,859,'2025-06-04 13:46:07',10),(10,NULL,NULL,NULL,NULL,'주 2회','[]',53,'4:5','[]','아몬드(Amond)는 SNS 콘텐츠 제작을 지원하는 플랫폼으로, 사용자가 브랜드나 상품에 맞는 콘텐츠를 손쉽게 생성할 수 있도록 돕습니다. 이 플랫폼은 ChatGPT와 구글 트렌드 API를 결합하여 실시간으로 인기 있는 콘텐츠를 제공합니다. 이를 통해 릴스, SNS 이벤트, 체험단 모집, 프로모션 기획 등 다양한 형태의 콘텐츠를 한 곳에서 관리하고 제작할 수 있습니다. 또한, 1천 개 이상의 분야별 트렌드 콘텐츠 아이디어를 제공하여 사용자가 최신 트렌드를 반영한 콘텐츠를 손쉽게 만들 수 있도록 지원합니다.\n\n아몬드는 2017년에 설립된 벤처기업으로, 현재 약 40명의 직원이 근무하고 있으며, 매출액은 120억 원 규모입니다. 주요 서비스로는 전 세계 K-POP 팬들과 아티스트를 실시간으로 연결하는 \'헬로라이브\'와 여성향 종합 콘텐츠 플랫폼인 \'헤븐리\'가 있습니다. 이러한 서비스들은 출시 이후 급성장하여 해당 분야의 대표 서비스로 자리매김하고 있습니다. 또한, 서울대기술지주, 벤처캐피탈, 상장사 등으로부터 투자를 유치하여 재무적으로 안정적인 기반을 마련하였습니다.\n\n아몬드는 팀원들이 업무에 집중할 수 있도록 불필요한 관리나 잦은 회의가 없으며, 개인의 컨디션에 맞는 유연근무제를 실시하고 있습니다. 사무실은 서울 강남구에 위치한 쾌적한 자체 사옥으로, 7호선 강남구청역과 9호선 선정릉역에서 도보로 10분 거리에 있습니다. ',458,1122,'2025-06-05 15:40:35',9),(11,NULL,NULL,NULL,NULL,'주 3회','[\"신뢰감 있는\",\"위트 있는\",\"고급스러운\"]',40,'4:5','[]','램프쿡 자동회전냄비 더뉴일립스 25년형 SC-0020은 자동 회전 기능을 갖춘 냄비로, 조리 시 재료가 고르게 익도록 도와줍니다. 이 제품은 타원형 디자인으로, 다양한 요리에 적합하며, 사용자의 편의성을 고려한 설계로 주목받고 있습니다.\n\n경쟁사 제품으로는 해피콜의 일립스 타원형 자동회전냄비(HS-0020)가 있으며, 이는 유사한 기능과 디자인을 제공합니다. 또한, 다양한 자동회전냄비 제품들이 시장에 출시되어 있어 소비자 선택의 폭이 넓어졌습니다.\n\n최근 주방용품 시장에서는 자동 회전 기능을 갖춘 냄비와 그릴이 인기를 얻고 있으며, 이는 조리의 편리함과 효율성을 중시하는 소비자들의 선호를 반영한 결과입니다. ',372,1273,'2025-06-05 16:48:46',13),(12,NULL,'포함',NULL,NULL,'주 1회','[\"신뢰감 있는\",\"친근/다정한\"]',40,'1:1','[\"정보형\"]','서차연 원장님은 용인 지역에서 성인과 아동을 대상으로 한 스피치 전문 학원을 성공적으로 운영하며, 지역 내에서 긍정적인 반응과 높은 매출을 기록하고 있습니다. 이러한 성과는 서 원장님의 전문성과 열정적인 지도 덕분입니다.\n\n서 원장님은 성인과 아동 스피치 분야에서 깊은 전문 지식을 보유하고 있으며, 이를 바탕으로 다양한 연령층의 학습자들에게 맞춤형 교육을 제공하고 있습니다. 특히, 성인 학습자들에게는 자신감 향상과 효과적인 의사소통 능력 배양에 중점을 두고, 아동 학습자들에게는 창의적이고 즐거운 학습 환경을 조성하여 언어 능력 발달을 돕고 있습니다.\n\n서차연 원장님의 전문성과 열정은 학원 운영의 성공뿐만 아니라, 지역 사회에서의 긍정적인 평판을 이끌어내고 있습니다. 이러한 경험과 역량을 바탕으로 전국적으로 영향력을 확대하고자 하는 목표를 가지고 계십니다. ',410,1020,'2025-06-06 10:15:52',8),(16,NULL,NULL,NULL,NULL,'주 2회','[]',40,'4:5','[]','아몬드 브랜드의 신제품 화장품은 기능성 화이트닝 제품으로, 최근 화장품 시장에서 주목받는 트렌드와 부합합니다. 특히, 미국 화장품 시장에서는 플라스틱 용기 재활용에 대한 규제가 강화되고 있으며, 저자극 데오드란트 수요가 급증하고 있습니다. 또한, 다양성, 형평성, 포용성을 중시하는 소비자들의 요구에 따라 다양한 인종과 성별을 고려한 모델과 제품이 선호되고 있습니다. ([blog.naver.com](https://blog.naver.com/PostView.naver?blogId=mandoo_0515&logNo=223572462615&noTrackingCode=true&utm_source=openai))\n\n동남아시아 시장에서는 한국 화장품의 인기가 높아지고 있으며, 특히 마스크팩과 같은 간편한 스킨케어 제품이 소비자들에게 큰 호응을 얻고 있습니다. 이는 동남아의 덥고 습한 기후 특성에 맞는 제품으로, 한국 화장품의 수출 비중이 증가하는 추세를 보여줍니다. ([blog.naver.com](https://blog.naver.com/PostView.naver?blogId=rhsrex&logNo=223528104681&utm_source=openai))\n\n이러한 트렌드를 고려할 때, 아몬드의 신제품 화장품은 환경 친화적인 포장과 다양한 소비자층을 겨냥한 마케팅 전략을 통해 시장에서 긍정적인 반응을 얻을 것으로 예상됩니다. ',430,1144,'2025-06-06 16:42:24',2),(17,NULL,'포함','마케팅, AI 마케팅, 콘텐츠 비즈니스, 1인비즈니스',NULL,'주 1회','[\"신뢰감 있는\",\"친근/다정한\",\"대화하는 어조\"]',100,'1:1','[\"정보형\",\"홍보중심형\"]','유윤지 님의 인스타그램을 분석한 결과, 개인 비즈니스로서 온라인 마케팅을 효과적으로 수행하는 데 도움이 되는 몇 가지 핵심 전략을 도출할 수 있습니다.\n\n1. **개인 브랜드 구축**: 유윤지 님은 자신의 개성과 전문성을 강조하여 독특한 브랜드 이미지를 형성하고 있습니다. 이를 통해 팔로워들과의 신뢰를 구축하고 있습니다.\n\n2. **일관된 콘텐츠 제공**: 정기적으로 고품질의 콘텐츠를 게시하여 팔로워들의 관심을 유지하고 있습니다. 이러한 일관성은 브랜드의 신뢰성을 높이는 데 기여합니다.\n\n3. **팔로워와의 적극적인 소통**: 댓글과 메시지에 신속하고 친근하게 응답하여 팔로워들과의 관계를 강화하고 있습니다. 이러한 소통은 커뮤니티 형성에 도움이 됩니다.\n\n4. **트렌드 반영 및 창의적 접근**: 현재 트렌드를 반영한 콘텐츠를 제작하되, 자신의 독창적인 시각을 더하여 차별화된 콘텐츠를 제공합니다.\n\n5. **비주얼 스토리텔링 활용**: 사진과 영상을 활용하여 스토리텔링을 통해 메시지를 전달하고 있습니다. 이러한 접근은 팔로워들의 감정적 반응을 이끌어냅니다.\n\n6. **해시태그 전략 활용**: 관련성 높은 해시태그를 사용하여 더 넓은 잠재 고객에게 도달하고 있습니다. 이를 통해 콘텐츠의 가시성을 높이고 있습니다.\n\n7. **콜라보레이션 및 파트너십**: 다른 인플루언서나 브랜드와의 협업을 통해 새로운 팔로워를 유치하고 있습니다. 이러한 전략은 상호 이익을 창출합니다.\n\n8. **분석을 통한 전략 조정**: 게시물의 성과를 분석하여 어떤 콘텐츠가 효과적인지 파악하고, 이를 기반으로 전략을 조정하고 있습니다.\n\n이',600,1203,'2025-06-06 16:45:35',8),(18,NULL,'포함','마케팅, AI 마케팅, 콘텐츠 비즈니스, 1인비즈니스',NULL,'주 1회','[\"신뢰감 있는\",\"친근/다정한\",\"대화하는 어조\"]',100,'1:1','[\"정보형\",\"홍보중심형\"]','온라인에서 마케터로서의 입지를 다지기 위해서는 최신 마케팅 트렌드를 이해하고 이를 효과적으로 활용하는 것이 중요합니다. 다음은 현재 주목받는 마케팅 트렌드와 이를 적용한 사례들입니다:\n\n**1. 감성 마케팅의 활용**\n\n제품의 특징뿐만 아니라 브랜드 이미지를 함께 전달하여 고객의 감성을 자극하는 마케팅 전략입니다. 이를 통해 고객과의 친밀감을 형성하고, 제품 구매에 긍정적인 영향을 미칠 수 있습니다. 그러나 감성에만 집중할 경우 제품 판매와 홍보의 본래 목적에서 벗어날 수 있으므로 균형 있는 접근이 필요합니다. ([brunch.co.kr](https://brunch.co.kr/%40emforce/665?utm_source=openai))\n\n**2. 숏폼 콘텐츠의 증가**\n\n15초에서 1분 내외의 짧은 영상 콘텐츠가 인기를 얻고 있습니다. 틱톡, 유튜브 쇼츠, 인스타그램 릴스 등 플랫폼에서 숏폼 콘텐츠를 활용한 마케팅이 효과적입니다. 이러한 콘텐츠는 빠른 시간 안에 임팩트 있는 메시지를 전달할 수 있어 주목받고 있습니다. ([brunch.co.kr](https://brunch.co.kr/%40emforce/521?utm_source=openai))\n\n**3. 일러스트레이션 트렌드**\n\n그래피티 스타일, 텍스처 브러시, 플랫 스트로크 등 다양한 일러스트레이션 기법이 디자인 분야에서 인기를 얻고 있습니다. 이러한 스타일은 제품의 포지셔닝과 배경 스토리를 효과적으로 전달하며, 사용자에게 상상할 여지를 제공합니다. ([brunch.co.kr](https://brunch.co.kr/%40upleat/92?utm_sour',781,1381,'2025-06-06 16:50:30',8),(19,NULL,NULL,NULL,NULL,'주 2회','[]',40,'4:5','[]','빙그레의 바나나맛 우유는 국내 대표적인 음료로, 최근 식물성 음료 시장의 성장과 함께 비건 인증을 획득한 \'식물성 바유\'를 출시하여 건강과 환경을 중시하는 소비자들의 관심을 받고 있습니다. ([brunch.co.kr](https://brunch.co.kr/%40emforce/762?utm_source=openai))\n\n국내 식물성 음료 시장은 빠르게 성장하고 있으며, 다양한 기업들이 이 시장에 진출하고 있습니다. 예를 들어, 매일유업은 식물성 귀리 음료 \'어메이징 오트\'를 출시하여 비건 음료 시장에서 큰 인기를 얻고 있습니다. ([startuptoday.co.kr](https://www.startuptoday.co.kr/news/articleView.html?idxno=98246&utm_source=openai))\n\n또한, 풀무원은 식물성 단백질과 고기 사업에 본격적으로 나서며, 글로벌 식문화 흐름에 발맞추어 식물성 식품 시장을 선도하고 있습니다. ([news2day.co.kr](https://www.news2day.co.kr/article/20210325500301?utm_source=openai))\n\n이러한 트렌드에 따라 빙그레는 기존의 바나나맛 우유 외에도 식물성 음료 제품을 개발하여 시장의 변화에 적극 대응하고 있습니다. ',388,1117,'2025-06-06 19:32:29',16),(20,NULL,NULL,NULL,NULL,'주 1회','[\"신뢰감 있는\",\"위트 있는\",\"친근/다정한\"]',80,'1:1','[\"정보형\",\"감성전달형\"]','빙그레의 바나나맛 우유는 국내에서 오랜 역사를 가진 인기 제품으로, 최근 몇 가지 트렌드와 이슈가 주목받고 있습니다.\n\n**식물성 대체 우유의 부상**\n\n최근 식물성 대체 우유 시장이 빠르게 성장하고 있습니다. 해외에서는 오트 우유, 아몬드 우유, 콩 우유 등 다양한 식물성 우유가 인기를 얻고 있으며, 국내에서도 이러한 추세가 확산되고 있습니다. 예를 들어, 스타벅스는 2021년부터 오트 밀크를 우유 대체 옵션으로 제공하고 있습니다. ([brunch.co.kr](https://brunch.co.kr/%40emforce/762?utm_source=openai))\n\n**제로 제품의 인기**\n\n건강과 웰빙에 대한 관심이 높아지면서 설탕, 카페인, 유당 등이 없는 제로 제품에 대한 수요가 증가하고 있습니다. 코카-콜라는 제로 제품군을 확대하며, 풀무원다논은 설탕을 넣지 않은 요거트를 출시하는 등 다양한 제로 제품이 시장에 등장하고 있습니다. ([mydaily.co.kr](https://mydaily.co.kr/page/view/2024011200011671386?utm_source=openai))\n\n**할매니얼 디저트 트렌드**\n\n전통적인 디저트를 현대적으로 재해석한 \'할매니얼\' 트렌드가 주목받고 있습니다. GS25는 \'행운약과\'를 출시하여 큰 인기를 얻었으며, 세븐일레븐은 생크림 떡 시리즈를 선보였습니다. ([brunch.co.kr](https://brunch.co.kr/%40emforce/775?utm_source=openai))\n\n빙그레의 바나나맛 우유는 이러한 트렌드와 이슈를 반영하여 제품 개발과 마케팅 전략',504,1114,'2025-06-06 19:32:57',16),(21,NULL,NULL,NULL,NULL,'주 1회','[]',60,'9:16','[\"정보형\"]','빙그레의 바나나맛 우유는 국내에서 오랜 역사를 지닌 대표적인 음료로, 많은 이들에게 친숙한 맛을 제공합니다. 최근에는 건강과 환경에 대한 관심이 높아지면서 식물성 음료에 대한 수요가 증가하고 있습니다. 빙그레는 이러한 트렌드에 발맞추어 아몬드와 두유를 베이스로 한 \'식물성 바유\'를 출시하였으며, 이는 한국비건인증원의 비건 인증도 획득하였습니다. ([brunch.co.kr](https://brunch.co.kr/%40emforce/762?utm_source=openai))\n\n또한, 국내 카페 업계에서는 건강과 기능성 음료에 대한 수요가 증가하고 있습니다. 면역 강화 음료, 해독 음료, 에너지 음료 등 다양한 건강 지향적인 음료가 인기를 얻고 있습니다. ([moduinfra.tistory.com](https://moduinfra.tistory.com/136?utm_source=openai))\n\n빙그레의 바나나맛 우유는 이러한 변화하는 시장 환경 속에서 지속적으로 사랑받는 제품으로 자리매김하고 있습니다. ',341,933,'2025-06-06 19:35:25',16),(22,NULL,NULL,NULL,NULL,'주 2회','[]',40,'4:5','[]','겨울철에는 대방어와 같은 제철 해산물을 활용한 요리를 소개하는 것이 좋습니다. 대방어는 겨울철에 가장 맛있게 즐길 수 있는 생선으로, 신선한 회나 구이로 제공하면 고객들의 관심을 끌 수 있습니다. 또한, 겨울철에는 따뜻한 국물 요리나 찌개류도 인기가 많으므로, 제철 재료를 활용한 다양한 메뉴를 선보이는 것이 좋습니다. ',211,887,'2025-06-08 20:33:47',17),(23,NULL,'포함',NULL,NULL,'주 2회','[]',40,'4:5','[]','겨울철에는 대방어와 같은 제철 생선이 인기를 끌며, 이러한 생선은 신선한 상태로 섭취하는 것이 가장 맛있습니다. 대방어는 겨울철에 잡히는 대표적인 생선으로, 그 살은 담백하고 부드러워 다양한 요리에 활용됩니다. 대방어를 활용한 요리로는 회, 구이, 조림 등이 있으며, 특히 회로 즐길 때는 신선한 상태에서 바로 섭취하는 것이 가장 맛있습니다. 또한, 대방어는 겨울철에 잡히는 대표적인 생선으로, 그 살은 담백하고 부드러워 다양한 요리에 활용됩니다. 대방어를 활용한 요리로는 회, 구이, 조림 등이 있으며, 특히 회로 즐길 때는 신선한 상태에서 바로 섭취하는 것이 가장 맛있습니다. ',299,975,'2025-06-08 20:35:55',17),(24,NULL,'포함',NULL,NULL,'주 2회','[]',40,'4:5','[]','여름철에는 신선한 해산물과 가벼운 요리가 인기를 끌고 있습니다. 특히, 대방어와 같은 기름진 생선보다는 가벼운 식사가 선호됩니다. 예를 들어, 모노튜브와 기념 화보도 찍었으며, 채널 브이로그까지 내보이면서 카이의 대한 애정을 보여주었습니다. ([careerly.co.kr](https://careerly.co.kr/comments/17413?utm_source=openai))\n\n또한, 여름철에는 신선한 해산물과 가벼운 요리가 인기를 끌고 있습니다. 특히, 대방어와 같은 기름진 생선보다는 가벼운 식사가 선호됩니다. 예를 들어, 모노튜브와 기념 화보도 찍었으며, 채널 브이로그까지 내보이면서 카이의 대한 애정을 보여주었습니다. ([careerly.co.kr](https://careerly.co.kr/comments/17413?utm_source=openai))\n\n또한, 여름철에는 신선한 해산물과 가벼운 요리가 인기를 끌고 있습니다. 특히, 대방어와 같은 기름진 생선보다는 가벼운 식사가 선호됩니다. 예를 들어, 모노튜브와 기념 화보도 찍었으며, 채널 브이로그까지 내보이면서 카이의 대한 애정을 보여주었습니다. ([careerly.co.kr](https://careerly.co.kr/comments/17413?utm_source=openai))\n\n또한, 여름철에는 신선한 해산물과 가벼운 요리가 인기를 끌고 있습니다. 특히, 대방어와 같은 기름진 생선보다는 가벼운 식사가 선호됩니다. 예를 들어, 모노튜브와 기념 화보도 찍었으며, 채널 브이로그까지 내보이면서 카이의 대한 애정을 보여주었습니다. ([careerly.co.kr]',675,1361,'2025-06-08 20:41:03',17),(25,NULL,NULL,NULL,NULL,'주 2회','[]',40,'4:5','[]','아몬드는 챗GPT와 구글 트렌드 API를 결합하여 실시간으로 가장 인기 있는 SNS 콘텐츠를 생성하는 서비스입니다. 사용자는 브랜드나 상품 정보를 입력하면, 1,000개 이상의 분야별 트렌드 콘텐츠 아이디어를 제공받을 수 있습니다. 이러한 콘텐츠는 릴스, SNS 이벤트, 체험단, 프로모션 등 다양한 형식으로 제작되며, 고객의 관심을 끌 수 있는 시즈널 콘텐츠도 제공합니다. 또한, 5만 건 이상의 트렌드 분석을 통해 실시간으로 시장 흐름을 파악하고, 캡션과 본문 텍스트를 자동으로 생성하여 SNS, 뉴스레터, 블로그 등 다양한 플랫폼에 활용할 수 있습니다. 6월에 정식 출시될 예정이며, 이메일과 전화번호를 통해 오픈 소식을 받을 수 있습니다. ',271,942,'2025-06-10 17:08:52',14),(26,NULL,'포함','아기드레스, 돌잔치, 돌드레스, 돌복, 돌수트',NULL,'주 2회','[]',40,'4:5','[]','Felix & Co는 은은한 핑크피치빛 광택과 사랑스러운 디테일이 돋보이는 투웨이 드레스를 선보입니다. 이 드레스는 어깨와 스커트 라인에 리본을 자유롭게 연출할 수 있어 다양한 스타일링이 가능합니다. 고급 새틴 소재와 풍성한 셔링 디테일이 조화를 이루어 사랑스러움과 세련미를 동시에 전달합니다. 첫돌, 백일, 특별한 날의 주인공이 되어줄 완벽한 선택입니다.\n\n또한, 해외 고객의 맞춤 의뢰로 제작된 이 드레스는 원하는 스타일에 맞춰 제작이 가능하며, 언제든지 편하게 문의할 수 있습니다. 클래식한 무드에 섬세한 우아함을 더한 디자인으로, 어깨를 감싸는 플라워 아플리케 장식이 고급스러운 분위기를 완성합니다. 실키한 광택감이 돋보이는 고급 원단과 풍성하게 퍼지는 플레어 라인이 만나 작은 공주님만을 위한 특별한 하루를 만들어 드립니다.\n\nFelix & Co의 감성으로 잊지 못할 순간을 함께하세요. 첫돌, 백일, 기념 촬영에 어울리는 드레스이며, 문의는 프로필 속 오픈채팅을 통해 편하게 하실 수 있습니다. ',712,1448,'2025-06-10 17:13:31',14),(27,NULL,NULL,NULL,NULL,'주 2회','[]',40,'4:5','[]','원웰은 수돗물의 잔류염소를 제거하는 유기농 효소 클렌저, 기미 제거 효과가 있는 선크림, 미백 효과가 있는 토너를 제공하는 브랜드입니다.\n\n**수돗물 잔류염소 제거 유기농 효소 클렌저**: 이 제품은 수돗물에 포함된 잔류염소를 효과적으로 제거하여 피부에 부담을 줄이고, 유기농 효소를 활용하여 피부를 부드럽게 세정합니다.\n\n**기미 제거 선크림**: 자외선 차단 기능과 함께 기미 제거 효과를 제공하는 선크림으로, 피부 톤을 고르게 하고 기미의 생성을 억제합니다.\n\n**미백 효과 토너**: 피부 톤을 밝게 하고 미백 효과를 제공하는 토너로, 피부 결을 정돈하고 투명한 피부를 유지하는 데 도움을 줍니다. ',338,1068,'2025-06-10 17:41:02',19),(28,NULL,'포함','클렌징밤, 비건화장품, 노폐물 흡착',NULL,'주 2회','[\"신뢰감 있는\",\"고급스러운\"]',40,'1:1','[\"감성전달형\"]','앤서로지의 부드러운 클렌징밤은 피부에 자극 없이 화장을 효과적으로 지워주며, 모공 속 노폐물을 98%까지 제거하는 데 도움을 줍니다. 이 제품은 피부에 순하게 작용하여 민감한 피부도 안심하고 사용할 수 있습니다. 또한, 모공 깊숙한 곳까지 깨끗하게 청소하여 피부를 맑고 깨끗하게 유지하는 데 기여합니다. ',245,994,'2025-06-10 21:41:23',20),(29,NULL,NULL,NULL,NULL,'주 2회','[]',40,'4:5','[]','앤서로지의 부드러운 클렌징밤은 피부에 자극 없이 화장을 효과적으로 지워주며, 모공 속 노폐물을 98%까지 제거하는 데 도움을 줍니다. 이 제품은 피부에 순하게 작용하여 민감한 피부도 안심하고 사용할 수 있습니다. 또한, 모공 깊숙한 곳까지 깨끗하게 청소하여 피부를 맑고 깨끗하게 유지하는 데 기여합니다. ',245,951,'2025-06-10 21:45:01',20),(30,NULL,NULL,NULL,NULL,'주 2회','[]',40,'4:5','[]','실내 야구장 광고를 위한 피드를 제작하려면 다음과 같은 요소를 고려하여 매력적이고 효과적인 콘텐츠를 구성할 수 있습니다:\n\n1. **시각적 요소 강화**: 실내 야구장의 활기찬 분위기와 다양한 시설을 강조하는 고화질 사진이나 영상을 활용하여 관람객의 관심을 끌어야 합니다.\n\n2. **특별 혜택 제공**: 첫 방문 고객을 위한 할인 쿠폰이나 단체 예약 시 추가 혜택 등을 제공하여 방문을 유도합니다.\n\n3. **이용 편의성 강조**: 주차 공간, 대중교통 접근성, 편의 시설 등 이용자의 편의를 고려한 정보를 상세히 안내합니다.\n\n4. **이벤트 및 프로그램 소개**: 정기적인 야구 교실, 토너먼트, 팬 미팅 등 다양한 프로그램을 소개하여 지속적인 관심을 유도합니다.\n\n5. **고객 후기 및 추천사 활용**: 만족한 고객의 후기나 추천사를 포함하여 신뢰성을 높이고, 실제 경험을 공유합니다.\n\n6. **소셜 미디어 연계**: 인스타그램, 페이스북 등 소셜 미디어와 연계하여 최신 소식과 이벤트 정보를 실시간으로 업데이트합니다.\n\n7. **예약 및 문의 정보 명시**: 간편한 온라인 예약 시스템과 문의처를 명확히 안내하여 접근성을 높입니다.\n\n이러한 요소들을 통합하여 실내 야구장의 매력을 효과적으로 전달하는 피드를 제작하면, 잠재 고객의 관심을 끌고 방문을 촉진할 수 있을 것입니다. ',443,1129,'2025-06-13 13:07:19',7),(31,NULL,NULL,NULL,NULL,'주 2회','[]',40,'4:5','[]','네이처하고 이쁜 인스타그램 포스터를 제작하기 위해서는 자연 친화적인 요소와 세련된 디자인을 결합하는 것이 중요합니다. 다음과 같은 요소들을 고려해 보세요:\n\n1. **자연 친화적인 색상 사용**: 부드러운 파스텔 톤이나 자연을 연상시키는 녹색, 갈색, 베이지색 등을 활용하여 편안하고 따뜻한 느낌을 전달합니다.\n\n2. **자연 소재의 배경 활용**: 나무, 잎사귀, 꽃, 돌 등 자연 소재를 배경으로 사용하여 제품의 자연스러움을 강조합니다.\n\n3. **심플한 레이아웃**: 과도한 장식 없이 깔끔하고 정돈된 레이아웃을 사용하여 제품이 돋보이도록 합니다.\n\n4. **제품의 질감 강조**: 로션의 부드러운 질감이나 자연 성분을 강조하는 문구를 추가하여 제품의 특징을 부각시킵니다.\n\n5. **브랜드 로고와 슬로건 배치**: 브랜드의 로고와 슬로건을 적절한 위치에 배치하여 브랜드 인지도를 높입니다.\n\n6. **해시태그 활용**: #네이처로션, #자연주의, #피부보습 등 관련 해시태그를 추가하여 타겟 고객층의 관심을 유도합니다.\n\n이러한 요소들을 조합하여 자연스러우면서도 세련된 인스타그램 포스터를 제작하시면, 브랜드의 이미지와 제품의 특성을 효과적으로 전달할 수 있을 것입니다. ',453,1133,'2025-06-13 13:08:00',7),(32,NULL,'포함','세이스피치 학원, 스피치학원, 보이스트레이닝(발성,발음전문), 발표, 면접','반영','주 2회','[\"신뢰감 있는\",\"친근/다정한\",\"대화하는 어조\"]',NULL,'4:5','[\"정보형\",\"홍보중심형\"]','세이스피치는 기흥구에 위치한 스피치 학원으로, 전문 방송인 출신의 서차연 원장님이 이끌고 있습니다. 서 원장님은 15년 경력의 스피치 전문가로서, KBS, MBC, TBS 아나운서로 활동하셨으며, 현재 세이스피치 대표이자 원장으로 재직 중입니다. 또한 분당차병원, 대기업 등 다양한 기관에서 출강하며, 1:1 맞춤형 코칭과 프레젠테이션 전문가로서의 역량을 발휘하고 있습니다.\n\n세이스피치의 교육은 진심을 전하는 스피치와 자신감을 키우는 데 중점을 두고 있습니다. 이를 통해 학생들이 효과적으로 의사소통하고, 자신감을 갖도록 돕는 것을 목표로 합니다.\n\n경쟁사인 반영은 스피치 교육 분야에서 활동하고 있으나, 세이스피치의 전문성과 맞춤형 교육 방식은 차별화된 강점으로 부각됩니다.\n\n최근 스피치 교육 분야에서는 진심을 전달하는 커뮤니케이션과 자신감을 키우는 교육이 중요하게 다뤄지고 있습니다. 세이스피치는 이러한 트렌드를 반영하여 학생들에게 실질적인 도움을 주고 있습니다. ',596,1325,'2025-06-14 08:35:15',8),(33,NULL,NULL,NULL,NULL,'주 2회','[]',40,'4:5','[\"정보형\"]','네이처하고 이쁜 인스타그램 포스터를 제작하기 위해서는 자연을 연상시키는 색상과 소재를 활용하는 것이 좋습니다. 예를 들어, 부드러운 파스텔 톤의 배경에 식물이나 꽃 이미지를 배치하면 자연스러운 느낌을 줄 수 있습니다. 또한, 최근 인스타그램에서는 숏폼 영상 콘텐츠가 인기를 끌고 있으므로, 15~30초 내외의 짧은 영상으로 제품을 소개하는 것도 효과적입니다. 이때, AR 효과나 그린스크린 효과 등을 활용하여 시각적인 흥미를 더할 수 있습니다. ([platum.kr](https://platum.kr/archives/157306?utm_source=openai))\n\n해시태그는 10~15개 정도로 적절히 사용하며, #네이처로션, #자연주의화장품, #친환경로션 등의 관련성 높은 해시태그를 활용하면 타겟 고객층에게 효과적으로 노출될 수 있습니다. ([kstory-3.tistory.com](https://kstory-3.tistory.com/entry/2024%EB%85%84-%EC%B5%9C%EC%8B%A0-%EC%9D%B8%EC%8A%A4%ED%83%80%EA%B7%B8%EB%9E%A8-%ED%95%B4%EC%8B%9C%ED%83%9C%EA%B7%B8-%ED%8A%B8%EB%A0%8C%EB%93%9C-%EC%95%8C%EC%95%84%EB%B3%B4%EA%B8%B0?utm_source=openai))\n\n마지막으로, 인플루언서와의 협업을 통해 제품을 자연스럽게 소개하는 것도 고려해보세요. 특히, Z세대는 인플루언서의 추천을 신뢰하므로, 관련 분야의 인플루언서와 협업하면 브랜드 인지도를 높이는 데 도움이 될 것입니다. (',570,1269,'2025-06-17 13:33:03',7),(34,NULL,NULL,NULL,NULL,'주 2회','[]',60,'1:1','[\"홍보중심형\"]','네이처하고 아름다운 인스타그램 포스터를 제작하려면, 자연의 요소를 강조하고, 부드러운 색조와 유기적인 디자인을 활용하는 것이 좋습니다. 최근 그래픽 디자인 트렌드 중 하나는 메탈릭 효과를 적절히 활용하는 것입니다. 예를 들어, 제목이나 로고에 은색이나 금색 메탈릭을 사용하여 포스터에 세련된 느낌을 더할 수 있습니다. ([blog.naver.com](https://blog.naver.com/PostView.naver?blogId=tooldi_official&logNo=223756403254&utm_source=openai))\n\n또한, 인스타그램에서 높은 참여를 유도하려면 댓글, 공유, 저장과 같은 지표를 중시하는 것이 중요합니다. 포스터에 질문형 문구나 유용한 정보를 제공하여 팔로워들의 참여를 유도할 수 있습니다. ([simjuliana.tistory.com](https://simjuliana.tistory.com/5173?utm_source=openai))\n\n디자인 영감을 얻기 위해 Pinterest와 같은 플랫폼을 활용하면 다양한 아이디어를 얻을 수 있습니다. 특히 색상별로 검색하여 통일성 있는 콘텐츠를 구성하는 데 도움이 됩니다. ([http-s.tistory.com](https://http-s.tistory.com/121?utm_source=openai))\n\n마지막으로, 포스터의 썸네일과 캡션을 최적화하여 클릭을 유도하는 것이 중요합니다. 눈에 띄는 장면을 썸네일로 설정하고, 짧고 강렬한 문구를 사용하여 팔로워들의 관심을 끌 수 있습니다. ([simjuliana.tistory.com](https://si',510,1197,'2025-06-17 13:49:51',7),(35,NULL,NULL,NULL,NULL,'주 1회','[]',60,'1:1','[\"홍보중심형\"]','네이처하고 이쁜 인스타그램 포스터를 제작하기 위해서는 자연을 연상시키는 색상과 디자인 요소를 활용하는 것이 좋습니다. 예를 들어, 자연스러운 색조의 배경과 식물, 꽃, 나무 등의 이미지를 사용하여 친환경적인 이미지를 강조할 수 있습니다. 또한, 제품의 특징이나 효능을 간결하고 직관적으로 전달하는 문구를 추가하면 효과적입니다. 예를 들어, \"자연의 선물, 피부에 담다\"와 같은 문구를 활용할 수 있습니다. 마지막으로, 브랜드 로고와 해시태그를 적절히 배치하여 브랜드 인지도를 높이고, 관련된 해시태그를 사용하여 더 많은 사용자에게 도달할 수 있도록 합니다. ',271,853,'2025-06-17 13:49:55',7),(36,NULL,NULL,NULL,NULL,'주 2회','[\"신뢰감 있는\"]',40,'4:5','[\"홍보중심형\"]','원웰은 유기농 효소를 활용한 클렌저, 기미 제거 효과가 있는 선크림, 미백 효과가 있는 토너 등 피부 건강을 고려한 제품을 제공합니다. 특히, 쌀효소 클렌저는 미산성 포뮬러로 민감한 피부도 자극 없이 각질을 제거하며, 수돗물의 잔류염소를 100% 제거하는 기능이 있습니다. ([blog.naver.com](https://blog.naver.com/PostView.naver?blogId=sweetlips02&logNo=223603363795&noTrackingCode=true&utm_source=openai))\n\n최근 스킨케어 시장에서는 피부 장벽 강화와 저자극 제품에 대한 관심이 높아지고 있습니다. 예를 들어, \'베리어 인핸싱 클렌저\'는 피부 장벽을 회복하고 보습을 유지하는 데 도움을 주는 제품으로 주목받고 있습니다. ([in.naver.com](https://in.naver.com/onthejourney/challenge?utm_source=openai))\n\n또한, 스킨케어 카테고리에서 닥터지, 마녀공장, 바이오더마, 이니스프리, 시드물 등이 높은 구매 전환율을 기록하며 강세를 보이고 있습니다. ([i-boss.co.kr](https://www.i-boss.co.kr/ab-74668-2424?utm_source=openai))\n\n이러한 트렌드와 경쟁사들의 동향을 고려할 때, 원웰은 피부 장벽 강화와 저자극 제품 개발에 집중하고, 유기농 성분을 강조하는 마케팅 전략을 통해 시장에서의 경쟁력을 높일 수 있을 것입니다. ',500,1209,'2025-06-17 18:09:42',19),(37,NULL,NULL,NULL,NULL,'주 2회','[]',40,'4:5','[]','타로마스터 연못?의 팔로워를 늘리고 타로 상담 수를 증가시키기 위해 다양한 타로 콘텐츠를 활용하는 것이 중요합니다. 다음은 효과적인 콘텐츠 아이디어입니다:\n\n1. **타로 카드 해석 및 실전 사례 공유**: 각 타로 카드의 의미와 실제 상담에서의 적용 사례를 소개하여 팔로워들이 타로에 대한 이해를 높일 수 있도록 합니다.\n\n2. **타로 리딩 스킬 및 교육 자료 제공**: 타로 리딩의 기본 원리, 카드 배열법, 해석 방식 등을 다룬 교육 콘텐츠를 제작하여 팔로워들의 학습 욕구를 충족시킵니다.\n\n3. **타로 상담 팁 및 노하우 공유**: 실제 상담에서 유용한 팁과 노하우를 제공하여 팔로워들이 타로 상담에 대한 신뢰를 높일 수 있도록 합니다.\n\n4. **타로 관련 도서 및 자료 추천**: 타로에 대한 깊은 이해를 돕는 도서나 자료를 추천하여 팔로워들의 학습을 지원합니다.\n\n5. **타로 상담 예약 및 프로모션 안내**: 타로 상담 예약 방법과 특별 프로모션을 안내하여 팔로워들의 참여를 유도합니다.\n\n6. **팔로워 참여형 콘텐츠 제작**: 팔로워들이 직접 참여할 수 있는 타로 퀴즈, 설문조사, 댓글 이벤트 등을 통해 소통을 강화합니다.\n\n7. **타로 관련 최신 트렌드 및 이슈 소개**: 타로와 관련된 최신 트렌드나 이슈를 소개하여 팔로워들의 관심을 끌어냅니다.\n\n이러한 다양한 콘텐츠를 통해 팔로워들의 참여를 유도하고, 타로 상담에 대한 신뢰를 구축하여 상담 수를 증가시킬 수 있습니다. ',529,1220,'2025-06-23 11:17:15',23),(38,NULL,NULL,NULL,NULL,'주 2회','[]',40,'4:5','[]','인스타그램에서 자연 친화적이고 아름다운 로션 포스터를 제작하려면 다음 요소들을 고려해보세요:\n\n1. **자연 소재 강조**: 로션의 주요 성분이나 원료가 자연에서 유래한 것이라면, 이를 강조하는 이미지나 텍스트를 활용하세요. 예를 들어, \'천연 허브 추출물로 만든 로션\'과 같은 문구를 사용할 수 있습니다.\n\n2. **미니멀한 디자인**: 과도한 장식보다는 깔끔하고 간결한 디자인이 자연스러움을 더해줍니다. 부드러운 색조와 간결한 레이아웃을 선택하세요.\n\n3. **자연 배경 활용**: 로션을 나무, 풀, 꽃 등 자연 배경과 함께 촬영하여 제품이 자연과 조화를 이루는 느낌을 전달할 수 있습니다.\n\n4. **친환경 메시지 전달**: 제품이 친환경적이거나 지속 가능한 방식으로 생산되었다면, 이를 강조하는 문구나 아이콘을 추가하세요. 예를 들어, \'100% 재활용 가능한 포장\'과 같은 메시지를 사용할 수 있습니다.\n\n5. **해시태그 활용**: 인스타그램에서 관련된 해시태그를 사용하여 더 많은 사용자에게 도달할 수 있습니다. 예를 들어, #천연화장품, #친환경로션, #자연주의화장품 등의 해시태그를 활용하세요.\n\n이러한 요소들을 조합하여 자연 친화적이고 아름다운 로션 포스터를 제작하면, 인스타그램 사용자들의 관심을 끌 수 있을 것입니다. ',455,1173,'2025-06-26 19:13:26',7),(39,NULL,NULL,NULL,NULL,'주 1회','[]',40,'4:5','[]','인스타그램은 한국에서 가장 많이 사용되는 SNS 플랫폼으로, 특히 30대 이하 연령층에서 높은 인기를 얻고 있습니다. ([platum.kr](https://platum.kr/archives/235811?utm_source=openai)) 이러한 플랫폼에서 효과적인 마케팅을 위해서는 브랜드의 존재감을 확실히 드러내는 것이 중요하며, 고객과의 친밀한 소통을 위해 스토리 기능을 적극 활용하는 것이 도움이 됩니다. ([platum.kr](https://platum.kr/archives/121103?utm_source=openai))\n\n또한, 인스타그램에서 활동하는 브랜드는 \'인기 있는 브랜드\', \'재미있는 브랜드\', \'정보를 주는 브랜드\', \'창의적인 브랜드\' 등으로 인식되며, 최신 트렌드나 신제품, 프로모션 등 다양한 쇼핑 정보를 제공하는 콘텐츠에 대한 선호도가 높습니다. ([fnnews.com](https://www.fnnews.com/news/201905071500352759?utm_source=openai))\n\n따라서, 자연스러우면서도 아름다운 인스타그램 포스터를 제작하려면, 제품의 진정성과 창의성을 강조하고, 최신 트렌드와 신제품 정보를 포함하여 고객과의 소통을 강화하는 것이 중요합니다. ',374,964,'2025-06-26 19:19:14',7),(40,NULL,NULL,NULL,NULL,'주 2회','[]',NULL,NULL,'[]','러닝 콘텐츠는 최근 다양한 트렌드와 이슈로 주목받고 있습니다. 특히, 이커머스 분야에서는 AI 기술을 활용한 초개인화 마케팅이 핵심으로 부상하고 있습니다. 쿠팡, 아마존, 틱톡 등 주요 플랫폼들이 고객의 얼굴 표정까지 분석하여 맞춤형 마케팅을 진행하고 있습니다. 이러한 기술을 통해 실시간 데이터 분석과 자연어 처리 기반의 AI가 새로운 고객 유입과 이탈 방지에 기여하고 있습니다. 또한, K커머스 서밋 2025에서는 AI가 유통 업계의 생존 전략으로 강조되었으며, 쿠팡은 \'구매 가능성 높은 잠재고객\' 노출 전략을, AWS는 \'할인은 마약, 경험은 경쟁력\'이라며 고객 중심 AI 전환을 강조했습니다. 틱톡의 바이트댄스는 콘텐츠 기반 커머스로 85%의 신규 매출을 달성한 사례를 소개했습니다. 이러한 흐름은 기술이 마케팅 언어를 변화시키고 있음을 보여줍니다. ',326,952,'2025-07-08 13:26:45',30),(41,NULL,NULL,NULL,NULL,'주 2회','[]',NULL,NULL,'[]','최근 러닝 콘텐츠 분야에서는 다양한 트렌드가 부상하고 있습니다. 특히, 숏폼 영상 플랫폼인 틱톡의 인기가 높아지면서, 누구나 쉽게 영상을 제작하고 공유할 수 있는 환경이 조성되었습니다. 틱톡은 그린스크린, 이어찍기 등 다양한 편집 효과를 제공하여 초보자도 손쉽게 콘텐츠를 만들 수 있게 지원하고 있습니다. ([newsroom.tiktok.com](https://newsroom.tiktok.com/ko-kr/tiktok-korea-to-host-first-media-webinar?utm_source=openai))\n\n또한, \'콘텐츠 커머스\'라는 새로운 트렌드가 주목받고 있습니다. 이는 웹예능이나 토크쇼와 같은 디지털 콘텐츠에 상품 구매 요소를 결합하여, 소비자들이 자연스럽게 상품을 접하고 구매할 수 있도록 유도하는 방식입니다. 이러한 접근은 브랜드 친밀도를 높이고, 상품 판매를 촉진하는 데 효과적입니다. ([uhsadpr.tistory.com](https://uhsadpr.tistory.com/17?utm_source=openai))\n\n소셜 미디어 콘텐츠 기획에 있어서는 짧고 강렬한 콘텐츠의 중요성이 강조되고 있습니다. 특히, 틱톡이나 인스타그램의 릴스와 같은 플랫폼에서 간단하고 임팩트 있는 콘텐츠가 사용자들의 선호를 받고 있습니다. 이러한 트렌드에 맞춰 기업들은 감각적이고 짧은 메시지를 통해 소비자와의 소통을 강화하고 있습니다. ([alphadw.tistory.com](https://alphadw.tistory.com/entry/%EC%86%8C%EC%85%9C-%EB%AF%B8%EB%94%94%EC%96%B4',581,1210,'2025-07-08 13:26:54',30),(42,NULL,NULL,NULL,NULL,'주 2회','[]',NULL,NULL,'[]','최근 건강과 웰빙에 대한 관심이 높아지면서, 발가락 양말이 기능성과 패션을 모두 갖춘 아이템으로 주목받고 있습니다. 특히 요가, 필라테스, 러닝 등 다양한 활동에서 발가락 양말의 수요가 증가하고 있습니다. 이러한 트렌드에 따라 발가락 양말은 미끄럼 방지, 자세 교정, 물집 방지 등 다양한 기능을 제공하며, 항균 소재와 흡습성이 뛰어난 소재로 제작되어 위생과 건강 관리에도 도움을 줍니다. 또한, 발가락 양말은 Z세대와 스트릿 감성을 선호하는 소비자들에게 유니크하고 뉴레트로한 스타일로 인기를 얻고 있습니다. 이러한 트렌드를 반영하여 발가락 양말은 기능성과 패션을 모두 갖춘 종합 아이템으로 자리매김하고 있습니다. ',283,936,'2025-07-08 13:29:21',31),(43,NULL,NULL,NULL,NULL,'주 2회','[]',NULL,NULL,'[]','러닝 분야에서 최근 주목받는 트렌드와 이슈는 다음과 같습니다:\n\n1. **건강 관리 로봇의 부상**: 사용자의 다양한 건강 관리 요구를 충족시키기 위해 홈 건강 관리 로봇이 주목받고 있습니다. 이러한 로봇은 부담 없는 건강 관리를 실현하며, 사용자가 지속적으로 건강한 생활 습관을 유지할 수 있도록 돕습니다.\n\n2. **발가락 양말의 인기 상승**: 발가락 양말은 무좀 예방, 땀 차단, 냄새 방지 등 다양한 기능을 제공하며, 요가, 필라테스, 러닝 등 여러 활동에 적합합니다. 또한, 항균 소재와 흡습력이 뛰어난 소재로 제작되어 건강 관리에 도움을 줍니다.\n\n3. **스포츠 브랜드의 러닝 마케팅 강화**: 스포츠 브랜드들은 러닝 카테고리의 마케팅을 강화하고 있으며, 러닝 고객, 시장, 경쟁사 분석을 기반으로 전략을 수립하고 오프라인 이벤트를 기획·운영하는 등의 활동을 통해 러닝 제품의 세일즈를 촉진하고 있습니다.\n\n4. **SNS 광고에서의 해시태그 전략 중요성**: SNS 광고에서 효과적인 해시태그 활용은 브랜드 인지도와 노출을 높이는 데 중요합니다. 그러나 관련성 없는 해시태그 남용, 오타 및 부정확한 해시태그 사용, 저작권 및 상표권 침해 주의 등 주의사항을 고려해야 합니다.\n\n5. **상품 등록과 최적화를 통한 상위 노출 전략**: 온라인 쇼핑몰에서 상품을 상위에 노출시키기 위해서는 상품명 최적화, 상세페이지 구성, 키워드 설정, 리뷰 관리 등 다양한 전략이 필요합니다. 이를 통해 고객의 신뢰도를 높이고 매출을 증대시킬 수 있습니다.\n\n이러한 트렌드와 이슈를 반영하여 러닝 분야에서의 경쟁력을 강화할 수 있',524,1175,'2025-07-08 13:29:24',31),(47,NULL,NULL,NULL,NULL,'주 1회','[]',NULL,NULL,'[]','네이처하고 이쁜 인스타그램 포스터를 제작하기 위해서는 자연을 연상시키는 색상과 디자인 요소를 활용하는 것이 좋습니다. 예를 들어, 녹색, 갈색, 베이지색 등의 자연적인 색상을 사용하고, 나뭇잎, 꽃, 나무 등의 자연 요소를 그래픽이나 사진으로 포함시킬 수 있습니다. 또한, 손글씨체나 부드러운 서체를 사용하여 친근하고 따뜻한 느낌을 줄 수 있습니다. 포스터의 레이아웃은 깔끔하고 정돈된 느낌을 주도록 구성하며, 제품의 주요 특징이나 장점을 간결하게 전달하는 문구를 추가하는 것이 효과적입니다. 마지막으로, 자연광을 활용한 사진 촬영이나 자연 소재의 배경을 사용하여 진정성과 신뢰감을 높일 수 있습니다. ',289,835,'2025-07-08 21:35:23',7),(48,NULL,NULL,NULL,NULL,'주 1회','[]',NULL,NULL,'[\"감성전달형\"]','네이처하고 이쁜 인스타그램 포스터를 제작하기 위해서는 자연의 요소를 강조하고, 감성적이며 공감할 수 있는 디자인을 활용하는 것이 좋습니다. 최근 인스타그램 트렌드에서는 감성과 공감을 이끌어내는 콘텐츠가 인기를 끌고 있습니다. ([hejae10.tistory.com](https://hejae10.tistory.com/96?utm_source=openai))\n\n로션 제품의 자연스러움을 강조하기 위해 식물, 꽃, 나무 등의 자연 요소를 배경으로 활용하고, 부드러운 색조와 자연광을 활용하여 따뜻하고 편안한 분위기를 연출하는 것이 좋습니다. 또한, 제품의 성분이나 효능을 간단한 문구로 표현하여 소비자들의 공감을 이끌어낼 수 있습니다.\n\n예를 들어, \"자연의 선물로 피부를 감싸다\"와 같은 문구를 사용하여 제품의 자연 친화적인 이미지를 강조할 수 있습니다. 이러한 디자인은 소비자들에게 친근감을 주고, 제품에 대한 신뢰도를 높이는 데 도움이 됩니다. ',342,893,'2025-07-09 00:46:27',7),(49,NULL,NULL,NULL,NULL,'주 1회','[]',NULL,NULL,'[\"감성전달형\"]','네이처하고 이쁜 인스타그램 포스터를 제작하기 위해서는 자연스러운 요소와 감성적인 디자인을 활용하는 것이 중요합니다. 다음은 로션 제품을 홍보하는 데 도움이 될 만한 디자인 아이디어입니다:\n\n1. **자연 소재 강조**: 로션의 주요 성분이 자연에서 유래한 것이라면, 해당 성분을 강조하는 이미지를 사용하세요. 예를 들어, 알로에 베라, 라벤더, 녹차 등의 자연 재료를 배경으로 활용하면 제품의 자연 친화적인 이미지를 부각시킬 수 있습니다.\n\n2. **부드러운 색상 사용**: 파스텔 톤의 색상을 활용하여 부드럽고 편안한 느낌을 전달하세요. 연한 녹색, 베이지, 라벤더 등의 색상은 자연과의 조화를 상징하며, 제품의 순수함과 순한 성분을 강조하는 데 효과적입니다.\n\n3. **미니멀한 디자인**: 과도한 장식보다는 깔끔하고 간결한 레이아웃을 선택하세요. 제품 사진을 중심으로 간단한 텍스트와 로고를 배치하여 시각적인 혼잡함을 줄이고, 제품에 대한 집중도를 높일 수 있습니다.\n\n4. **감성적인 문구 추가**: 제품의 특징이나 효과를 간단한 문구로 표현하여 감성적인 터치를 더하세요. 예를 들어, \"자연의 선물로 피부를 감싸다\"와 같은 문구는 소비자에게 긍정적인 이미지를 전달합니다.\n\n5. **사용자 후기 인용**: 만약 긍정적인 사용자 후기가 있다면, 이를 포스터에 포함시켜 신뢰성을 높이세요. 실제 사용자의 경험을 담은 인용은 제품에 대한 신뢰를 증대시킬 수 있습니다.\n\n6. **브랜드 아이덴티티 반영**: 브랜드의 로고와 슬로건을 적절히 배치하여 브랜드 아이덴티티를 강화하세요. 일관된 디자인 요소는 브랜드 인식을 높이는 ',604,1152,'2025-07-09 00:50:05',7),(50,NULL,NULL,NULL,NULL,'주 1회','[]',NULL,NULL,'[]','네이처하고 이쁜 인스타그램 포스터를 제작하기 위해서는 자연을 연상시키는 색상과 소재를 활용하는 것이 좋습니다. 예를 들어, 부드러운 파스텔 톤의 배경에 식물이나 꽃 이미지를 배치하면 자연스러운 느낌을 줄 수 있습니다. 또한, 감성적이고 공감할 수 있는 문구를 추가하면 더욱 효과적입니다. 최근 인스타그램에서는 감성과 공감을 자극하는 콘텐츠가 인기를 끌고 있습니다. ([hejae10.tistory.com](https://hejae10.tistory.com/96?utm_source=openai))\n\n포스터의 레이아웃은 깔끔하고 정돈된 느낌을 주는 것이 좋습니다. 텍스트는 간결하고 읽기 쉬운 폰트를 사용하며, 제품의 특징이나 장점을 강조하는 문구를 추가하면 효과적입니다. 예를 들어, \"자연에서 온 순수한 로션\"과 같은 문구를 활용할 수 있습니다.\n\n마지막으로, 해시태그를 활용하여 더 많은 사람들에게 도달할 수 있도록 합니다. 예를 들어, #네이처로션, #자연주의화장품, #피부보습 등의 해시태그를 사용하면 관련된 관심사를 가진 사용자들에게 노출될 수 있습니다. ',389,943,'2025-07-09 00:58:14',7),(51,NULL,NULL,NULL,NULL,'주 1회','[]',NULL,NULL,'[\"감성전달형\"]','네이처하고 이쁜 인스타그램 포스터를 제작하기 위해서는 자연스러운 요소와 감성적인 디자인을 활용하는 것이 중요합니다. 다음은 로션 제품을 홍보하는 데 도움이 될 만한 디자인 아이디어입니다:\n\n1. **자연 소재 강조**: 로션의 주요 성분이 자연에서 유래한 것이라면, 해당 성분을 강조하는 이미지를 사용하세요. 예를 들어, 알로에 베라, 라벤더, 녹차 등의 자연 재료를 배경으로 활용하면 제품의 자연 친화적인 이미지를 부각시킬 수 있습니다.\n\n2. **부드러운 색상 사용**: 파스텔 톤의 색상을 활용하여 부드럽고 편안한 느낌을 전달하세요. 연한 녹색, 베이지, 라벤더 등의 색상은 자연과의 조화를 상징하며, 제품의 순수함과 순한 성분을 강조하는 데 효과적입니다.\n\n3. **미니멀한 디자인**: 과도한 장식보다는 깔끔하고 간결한 레이아웃을 선택하세요. 제품 사진을 중심으로 간단한 텍스트와 로고를 배치하여 시각적인 혼잡함을 줄이고, 제품에 대한 집중도를 높일 수 있습니다.\n\n4. **감성적인 문구 추가**: 제품의 특징이나 효과를 간단한 문구로 표현하여 감성적인 터치를 더하세요. 예를 들어, \"자연의 선물로 피부를 감싸다\"와 같은 문구는 소비자에게 긍정적인 이미지를 전달합니다.\n\n5. **사용자 후기 인용**: 만약 긍정적인 사용자 후기가 있다면, 짧은 인용을 포스터에 포함시켜 신뢰성을 높이세요. 실제 사용자의 경험을 공유함으로써 제품에 대한 신뢰감을 증대시킬 수 있습니다.\n\n6. **해시태그 활용**: 인스타그램에서의 가시성을 높이기 위해 관련 해시태그를 추가하세요. 예를 들어, #네이처로션, #자연주의화장품, #피부',634,1184,'2025-07-09 00:58:20',7),(52,NULL,NULL,NULL,NULL,'주 1회','[]',NULL,NULL,'[]','네이버는 최근 인공지능(AI) 기술 혁신을 통해 다양한 산업에 AI를 적용하고 있습니다. 의료 분야에서는 AI 진단 보조 시스템이 식품의약품안전처의 승인을 받아 정확도가 92.4%에 달하며, 제조업 부문에서는 삼성전자, 현대자동차 등과 협력하여 AI 기반 예측 유지보수 시스템을 구축하고 연간 1,200억 원 규모의 계약을 체결하는 성과를 거두었습니다. 또한, 검색 엔진 분야에서는 기존 키워드 검색에서 AI 기반 컨텍스트 검색으로 전환하여 응답 정확도를 92.7%까지 향상시키고, 광고주들의 클릭률(CTR)이 21.8%로 증가하는 등 검색 광고 수익성도 개선되었습니다. ([jayspedia.com](https://jayspedia.com/42?utm_source=openai))\n\n핀테크 및 글로벌 사업 확장 측면에서는, 네이버페이의 가맹점 수가 480만 개를 돌파하였으며, AI 기반의 실시간 소비 패턴 분석 시스템을 통해 맞춤형 금융 상품 추천이 가능해졌습니다. 이를 통해 중소상공인 대상 대출 상품의 연체율을 43% 감소시키는 성과를 거두었습니다. 또한, 클라우드 사업에서는 제조·헬스케어·미디어 산업 맞춤형 솔루션을 개발하여 2025년 1분기 매출 6,200억 원을 기록하며 AWS와의 격차를 점차 좁혀가고 있습니다. ([jayspedia.com](https://jayspedia.com/42?utm_source=openai))\n\n재무적 안정성과 주주 가치 제고를 위해, 네이버는 2025년 3조 원 규모의 자사주 매입 프로그램을 진행 중이며, 이를 통해 주당 순자산가치(BPS)가 12% 상승하는 효과를 나타냈습니다.',655,1189,'2025-07-09 01:01:57',18),(53,NULL,NULL,NULL,NULL,'주 1회','[]',NULL,NULL,'[]','네이버는 2025년 하이퍼클로바X를 중심으로 AI 기술을 23개 산업에 적용하며, 특히 의료, 제조업, 검색 엔진 분야에서의 도입이 본격화되고 있습니다. 의료 부문에서는 AI 진단 보조 시스템이 식품의약품안전처의 승인을 획득하여 정확도가 92.4%에 달하며, 제조업 부문에서는 삼성전자, 현대자동차 등과 협력하여 AI 기반 예측 유지보수 시스템을 구축하고 연간 1,200억 원 규모의 계약을 체결하는 성과를 거두었습니다. ([jayspedia.com](https://jayspedia.com/42?utm_source=openai))\n\n또한, 네이버는 AI 기반 컨텍스트 검색을 도입하여 검색 응답 정확도를 92.7%까지 향상시키며, 구글(89.3%)을 앞지르는 성과를 달성했습니다. 이러한 기술 혁신은 광고주들의 클릭률(CTR)을 21.8%로 증가시키며 검색 광고 수익성도 개선하고 있습니다. ([jayspedia.com](https://jayspedia.com/42?utm_source=openai))\n\n핀테크 및 글로벌 사업 확장 측면에서는, 네이버페이의 가맹점 수가 480만 개를 돌파하였으며, AI 기반의 실시간 소비 패턴 분석 시스템을 통해 맞춤형 금융 상품 추천이 가능해졌습니다. 이를 통해 중소상공인 대상 대출 상품의 연체율을 43% 감소시키는 성과를 거두었습니다. 또한, 네이버 클라우드는 제조·헬스케어·미디어 산업 맞춤형 솔루션을 개발하며, 2025년 1분기 매출 6,200억 원을 기록하여 AWS와의 격차를 점차 좁혀가고 있습니다. ([jayspedia.com](https://jayspedia.com/42?ut',867,1389,'2025-07-09 01:01:57',18),(57,NULL,NULL,NULL,NULL,'주 1회','[]',NULL,NULL,'[]','minimute는 여행을 위한 가벼운 여성 가방을 제작하는 브랜드로, 다양한 스타일과 크기의 가방을 제공합니다. 주요 제품군으로는 MOOD VINTAGE BAG, FERRETTI BAG, TWIN BAG, REMOOD BAG, CLO BAG, MINIMAL BAG 등이 있으며, 각 제품군은 다양한 디자인과 기능을 갖추고 있습니다. 또한, 부츠, 플랫, 샌들 등의 신발과 지갑, 액세서리도 함께 판매하고 있습니다. 브랜드 스토리와 룩북, 쇼룸 정보도 제공하여 고객들이 제품을 더욱 잘 이해하고 경험할 수 있도록 돕고 있습니다. ',231,773,'2025-07-12 18:44:28',37),(58,NULL,NULL,NULL,NULL,'주 1회','[]',NULL,NULL,'[]','minimute는 여행을 위한 가벼운 여성 가방을 전문으로 하는 브랜드로, 다양한 크기와 디자인의 가방을 제공합니다. 특히 \'Mood Vintage Bag\' 컬렉션은 복고풍 디자인을 현대적으로 재해석하여 인기를 얻고 있습니다. 또한 \'Remood Bag\'과 \'Clo Bag\' 등 다양한 스타일의 가방을 선보이며, 실용성과 스타일을 모두 만족시키는 제품을 제공합니다.\n\n최근 여성 가방 트렌드는 기능성과 디자인을 모두 중시하는 방향으로 발전하고 있습니다. 예를 들어, 2025년 가을/겨울 시즌에는 비대칭 숄더백, 늘어진 탑 핸들, 미니 배럴 백, 과장된 포켓 토트백, 화장대 케이스 등 다양한 스타일이 주목받고 있습니다. 이러한 트렌드는 실용성과 개성을 동시에 추구하는 소비자들의 요구를 반영하고 있습니다. ([reads.alibaba.com](https://reads.alibaba.com/ko/playful-yet-practical-5-womens-bag-trends-for-autumn-winter/?utm_source=openai))\n\n또한, 2024년 가을/겨울 시즌에는 부드러운 가죽 핸드백, 길쭉한 가방, 빈티지에서 영감을 받은 디자인, 실용적인 다재다능함, 다채로운 가죽 가방 등이 주요 트렌드로 부상하고 있습니다. 이러한 트렌드는 여성들이 일상에서 활용하기 좋은 다양한 스타일의 가방을 선호하는 경향을 보여줍니다. ([ko.vietnambag.net](https://ko.vietnambag.net/news/2025-autumn-winter-handbag-trends-innovations-and-essential',526,1079,'2025-07-12 18:44:30',37),(59,NULL,NULL,NULL,NULL,'주 1회','[]',NULL,NULL,'[]','minimute는 여행을 위한 가볍고 작은 가방을 만드는 브랜드로, 다양한 스타일의 가방과 액세서리를 제공합니다. 주요 제품으로는 MOOD VINTAGE BAG, FERRETTI BAG, TWIN BAG, REMOOD BAG, CLO BAG, MINIMAL BAG 등이 있으며, 각 제품은 다양한 디자인과 크기로 구성되어 있습니다. 또한, 신발, 지갑, 액세서리 등도 함께 판매하고 있습니다. 브랜드 스토리와 룩북을 통해 제품에 대한 자세한 정보를 확인할 수 있습니다. 고객 서비스는 이메일(cs@minitmute.com)을 통해 문의할 수 있으며, 서울 성동구 연무장길 57 2층에 쇼룸이 위치해 있습니다. ',247,810,'2025-07-12 18:46:27',38),(60,NULL,NULL,NULL,NULL,'주 1회','[]',NULL,NULL,'[]','minimute는 여행을 위한 가볍고 작은 가방을 제작하는 여성 의류 브랜드입니다. 주요 제품으로는 다양한 크기와 디자인의 가방, 지갑, 액세서리 등이 있으며, 특히 \'MOOD VINTAGE BAG\'과 \'FERRETTI BAG\' 시리즈가 인기를 끌고 있습니다. 또한, \'CLO BAG\'과 \'MINIMAL BAG\' 등 다양한 스타일의 가방을 선보이고 있습니다.\n\n최근 여성 의류 업계에서는 소셜 미디어와 커머스를 결합한 소셜 커머스가 주목받고 있습니다. 이러한 플랫폼을 통해 소비자들은 친구, 가족, 다른 사용자의 추천이나 리뷰를 쉽게 확인할 수 있으며, 브랜드와 소비자 간의 소통이 강화되고 있습니다. 특히, 유명 인플루언서나 셀럽을 활용한 마케팅이 효과적이며, 상황별 맞춤형 콘텐츠와 영상 콘텐츠의 활용도가 높아지고 있습니다. 또한, 브랜드와 소비자 간의 소통을 활성화하여 소비자 충성도를 높이는 것이 중요해지고 있습니다. ',323,891,'2025-07-12 18:46:48',38),(61,NULL,NULL,NULL,NULL,'주 1회','[]',NULL,NULL,'[]','네이처한 느낌의 아름다운 인스타그램 포스터를 제작하려면, 자연을 연상시키는 색상과 소재를 활용하는 것이 좋습니다. 예를 들어, 녹색, 갈색, 베이지색 등의 자연 색상을 사용하고, 나뭇잎, 꽃, 나무 등의 자연 요소를 디자인에 포함시킬 수 있습니다. 또한, 손글씨체나 부드러운 서체를 사용하여 친근하고 따뜻한 느낌을 줄 수 있습니다. 최근 트렌드로는 미니멀한 디자인과 자연 친화적인 요소를 강조하는 것이 인기를 얻고 있습니다. 이러한 요소들을 조합하여 로션 제품의 특징과 브랜드 이미지를 잘 표현하는 포스터를 제작해 보세요. ',264,814,'2025-07-17 11:05:20',7),(62,NULL,NULL,NULL,NULL,'주 1회','[]',NULL,NULL,'[]','나이키는 최근 힙한 러닝을 강조하는 SNS 광고를 통해 젊은 층을 타겟으로 한 마케팅을 강화하고 있습니다. 이러한 광고는 최신 트렌드와 스타일을 반영하여 소비자들의 관심을 끌고 있습니다.\n\n또한, 나이키는 지속 가능한 소재를 활용한 제품을 출시하여 환경 친화적인 이미지를 강조하고 있습니다. 예를 들어, 나이키 포워드 후디는 재생 폴리에스터 섬유로 제작되어 탄소 발자국을 평균 75% 절감하는 등 친환경적인 요소를 부각시키고 있습니다. ([nike.com](https://www.nike.com/kr/t/%ED%8F%AC%EC%9B%8C%EB%93%9C-%ED%9B%84%EB%94%94-%EB%82%A8%EC%84%B1-%ED%92%80%EC%98%A4%EB%B2%84-%ED%9B%84%EB%94%94-dPfVppAG?utm_source=openai))\n\n이러한 전략을 통해 나이키는 젊은 소비자층과 환경에 대한 관심이 높은 소비자들을 동시에 공략하고 있습니다. ',357,901,'2025-07-17 11:09:54',39),(63,NULL,NULL,NULL,NULL,'주 1회','[]',NULL,NULL,'[]','나이키는 최근 힙한 러닝을 강조하는 SNS 광고를 통해 젊은 층을 타겟으로 한 마케팅을 강화하고 있습니다. 이러한 광고에서는 혁신적인 디자인과 기능성을 갖춘 제품들을 소개하며, 러닝을 일상에서 스타일리시하게 즐길 수 있다는 메시지를 전달하고 있습니다.\n\n예를 들어, 나이키의 에어로스위프트 남성 드라이 핏 ADV 러닝 싱글렛은 75% 이상의 재생 폴리에스터 섬유로 제작되어 친환경적인 요소를 강조하며, 가볍고 통기성이 뛰어난 디자인으로 러너들의 편안한 착용감을 제공합니다. ([nike.com](https://www.nike.com/kr/t/%EC%97%90%EC%96%B4%EB%A1%9C%EC%8A%A4%EC%9C%84%ED%94%84%ED%8A%B8-%EB%82%A8%EC%84%B1-%EB%93%9C%EB%9D%BC%EC%9D%B4-%ED%95%8F-adv-%EB%9F%AC%EB%8B%9D-%EC%8B%B1%EA%B8%80%EB%A0%9B-H9juRsU2?utm_source=openai))\n\n또한, 나이키의 에어맥스 SNDR 남성 신발은 매력적인 컬러 조합과 안정감 있는 쿠셔닝으로 운동선수와 수집가들에게 큰 인기를 얻고 있습니다. ([nike.com](https://www.nike.com/kr/t/%EC%97%90%EC%96%B4%EB%A7%A5%EC%8A%A4-sndr-%EB%82%A8%EC%84%B1-%EC%8B%A0%EB%B0%9C-jsBBaIix?utm_source=openai))\n\n이러한 제품들은 나이키의 SNS 광고를 통해 젊은 소비자들에게 힙한 러닝 문화를 선도하는 브랜드로서의 이미지를 강화하고 있',546,1108,'2025-07-17 11:09:55',39);
/*!40000 ALTER TABLE `contentRequest` ENABLE KEYS */;
UNLOCK TABLES;

--
-- Table structure for table `emailNotification`
--

DROP TABLE IF EXISTS `emailNotification`;
/*!40101 SET @saved_cs_client     = @@character_set_client */;
/*!40101 SET character_set_client = utf8 */;
CREATE TABLE `emailNotification` (
  `id` int NOT NULL AUTO_INCREMENT,
  `fk_userId` int NOT NULL,
  `fk_contentRequestId` int NOT NULL,
  `email` varchar(255) COLLATE utf8mb4_unicode_ci NOT NULL,
  `status` enum('pending','sent','failed') COLLATE utf8mb4_unicode_ci DEFAULT 'pending',
  `createdAt` datetime NOT NULL,
  `sentAt` datetime DEFAULT NULL,
  PRIMARY KEY (`id`),
  KEY `idx_status_contentRequestId` (`status`,`fk_contentRequestId`),
  KEY `fk_userId` (`fk_userId`),
  KEY `fk_contentRequestId` (`fk_contentRequestId`),
  KEY `idx_pending_notifications` (`fk_contentRequestId`,`status`),
  CONSTRAINT `emailNotification_ibfk_1` FOREIGN KEY (`fk_userId`) REFERENCES `user` (`id`) ON DELETE CASCADE,
  CONSTRAINT `emailNotification_ibfk_2` FOREIGN KEY (`fk_contentRequestId`) REFERENCES `contentRequest` (`id`) ON DELETE CASCADE
) ENGINE=InnoDB AUTO_INCREMENT=5 DEFAULT CHARSET=utf8mb4 COLLATE=utf8mb4_unicode_ci;
/*!40101 SET character_set_client = @saved_cs_client */;

--
-- Dumping data for table `emailNotification`
--

LOCK TABLES `emailNotification` WRITE;
/*!40000 ALTER TABLE `emailNotification` DISABLE KEYS */;
/*!40000 ALTER TABLE `emailNotification` ENABLE KEYS */;
UNLOCK TABLES;

--
-- Table structure for table `membership_tiers`
--

DROP TABLE IF EXISTS `membership_tiers`;
/*!40101 SET @saved_cs_client     = @@character_set_client */;
/*!40101 SET character_set_client = utf8 */;
CREATE TABLE `membership_tiers` (
  `id` int NOT NULL AUTO_INCREMENT,
  `tier_name` varchar(20) COLLATE utf8mb4_unicode_ci NOT NULL,
  `tier_display_name` varchar(50) COLLATE utf8mb4_unicode_ci NOT NULL,
  `monthly_price` int NOT NULL COMMENT 'Price in KRW',
  `monthly_grid_sets` int NOT NULL COMMENT 'Max photo grid sets per month (월 콘텐츠 발행)',
  `content_edit_limit` int NOT NULL COMMENT 'Max edits per content (콘텐츠별 수)',
  `planning_sets_limit` int NOT NULL COMMENT 'Max planning sets (기획도)',
  `manager_support` tinyint(1) DEFAULT '0',
  `team_management` tinyint(1) DEFAULT '0',
  `is_active` tinyint(1) DEFAULT '1',
  `created_at` datetime DEFAULT CURRENT_TIMESTAMP,
  PRIMARY KEY (`id`),
  UNIQUE KEY `tier_name` (`tier_name`)
) ENGINE=InnoDB AUTO_INCREMENT=5 DEFAULT CHARSET=utf8mb4 COLLATE=utf8mb4_unicode_ci COMMENT='Reference table for membership tier definitions';
/*!40101 SET character_set_client = @saved_cs_client */;

--
-- Dumping data for table `membership_tiers`
--

LOCK TABLES `membership_tiers` WRITE;
/*!40000 ALTER TABLE `membership_tiers` DISABLE KEYS */;
INSERT INTO `membership_tiers` VALUES (1,'basic','베이직',0,1,2,1,0,0,1,'2025-07-19 17:52:05'),(2,'pro','프로',9900,4,3,4,0,0,1,'2025-07-19 17:52:05'),(3,'business','비즈니스',29000,10,10,10,1,1,1,'2025-07-19 17:52:05'),(4,'premium','프리미엄',79000,-1,-1,-1,1,1,1,'2025-07-19 17:52:05');
/*!40000 ALTER TABLE `membership_tiers` ENABLE KEYS */;
UNLOCK TABLES;

--
-- Table structure for table `payment_logs`
--

DROP TABLE IF EXISTS `payment_logs`;
/*!40101 SET @saved_cs_client     = @@character_set_client */;
/*!40101 SET character_set_client = utf8 */;
CREATE TABLE `payment_logs` (
  `id` int NOT NULL AUTO_INCREMENT,
  `fk_userId` int NOT NULL,
  `orderNumber` varchar(100) NOT NULL,
  `billingKey` varchar(255) DEFAULT NULL,
  `price` int NOT NULL,
  `goodName` varchar(200) NOT NULL,
  `buyerName` varchar(100) NOT NULL,
  `buyerTel` varchar(20) NOT NULL,
  `buyerEmail` varchar(100) NOT NULL,
  `paymentStatus` enum('success','failed','cancelled','refunded') NOT NULL,
  `inicisResponse` json DEFAULT NULL COMMENT 'Full INICIS response',
  `createdAt` datetime NOT NULL DEFAULT CURRENT_TIMESTAMP,
  PRIMARY KEY (`id`),
  KEY `idx_userId` (`fk_userId`),
  KEY `idx_orderNumber` (`orderNumber`),
  KEY `idx_paymentStatus` (`paymentStatus`),
  KEY `idx_createdAt` (`createdAt`),
  CONSTRAINT `fk_payment_logs_user` FOREIGN KEY (`fk_userId`) REFERENCES `user` (`id`) ON DELETE CASCADE
) ENGINE=InnoDB AUTO_INCREMENT=3 DEFAULT CHARSET=utf8mb4 COLLATE=utf8mb4_0900_ai_ci COMMENT='결제 내역';
/*!40101 SET character_set_client = @saved_cs_client */;

--
-- Dumping data for table `payment_logs`
--

LOCK TABLES `payment_logs` WRITE;
/*!40000 ALTER TABLE `payment_logs` DISABLE KEYS */;
INSERT INTO `payment_logs` VALUES (1,24,'CANCEL_1752930620982',NULL,0,'구독 취소','사용자 요청','','','cancelled','{\"reason\": \"사용자 요청으로 구독 취소\", \"cancelledAt\": \"2025-07-19T13:10:20.982Z\"}','2025-07-19 22:10:20'),(2,24,'CANCEL_1753003571877',NULL,0,'구독 취소','사용자 요청','','','cancelled','{\"reason\": \"사용자 요청으로 구독 취소\", \"cancelledAt\": \"2025-07-20T09:26:11.877Z\"}','2025-07-20 18:26:11');
/*!40000 ALTER TABLE `payment_logs` ENABLE KEYS */;
UNLOCK TABLES;

--
-- Table structure for table `payment_subscriptions`
--

DROP TABLE IF EXISTS `payment_subscriptions`;
/*!40101 SET @saved_cs_client     = @@character_set_client */;
/*!40101 SET character_set_client = utf8 */;
CREATE TABLE `payment_subscriptions` (
  `id` int NOT NULL AUTO_INCREMENT,
  `fk_userId` int NOT NULL,
  `planType` varchar(20) NOT NULL COMMENT 'basic, pro, business, premium',
  `status` enum('active','suspended','cancelled','expired') DEFAULT 'active',
  `startDate` date NOT NULL,
  `nextBillingDate` date NOT NULL,
  `price` int NOT NULL COMMENT 'Monthly price in KRW',
  `billingCycle` enum('monthly','yearly') DEFAULT 'monthly',
  `createdAt` datetime NOT NULL DEFAULT CURRENT_TIMESTAMP,
  `updatedAt` datetime DEFAULT NULL ON UPDATE CURRENT_TIMESTAMP,
  PRIMARY KEY (`id`),
  KEY `idx_userId` (`fk_userId`),
  KEY `idx_status` (`status`),
  KEY `idx_nextBillingDate` (`nextBillingDate`),
  CONSTRAINT `fk_subscriptions_user` FOREIGN KEY (`fk_userId`) REFERENCES `user` (`id`) ON DELETE CASCADE
) ENGINE=InnoDB AUTO_INCREMENT=4 DEFAULT CHARSET=utf8mb4 COLLATE=utf8mb4_0900_ai_ci COMMENT='구독 정보';
/*!40101 SET character_set_client = @saved_cs_client */;

--
-- Dumping data for table `payment_subscriptions`
--

LOCK TABLES `payment_subscriptions` WRITE;
/*!40000 ALTER TABLE `payment_subscriptions` DISABLE KEYS */;
INSERT INTO `payment_subscriptions` VALUES (1,24,'pro','cancelled','2025-07-19','2025-08-19',9900,'monthly','2025-07-19 19:04:27','2025-07-19 22:10:20'),(2,24,'pro','cancelled','2025-07-19','2025-08-19',9900,'monthly','2025-07-19 22:55:26','2025-07-20 18:26:11'),(3,9,'pro','active','2025-07-19','2025-08-19',9900,'monthly','2025-07-20 03:55:38',NULL);
/*!40000 ALTER TABLE `payment_subscriptions` ENABLE KEYS */;
UNLOCK TABLES;

--
-- Table structure for table `project`
--

DROP TABLE IF EXISTS `project`;
/*!40101 SET @saved_cs_client     = @@character_set_client */;
/*!40101 SET character_set_client = utf8 */;
CREATE TABLE `project` (
  `id` int NOT NULL AUTO_INCREMENT,
  `name` varchar(30) DEFAULT NULL,
  `sessionName` varchar(255) DEFAULT NULL,
  `category` varchar(20) DEFAULT NULL,
  `url` varchar(300) DEFAULT NULL,
  `imageList` varchar(1000) DEFAULT NULL,
  `reasonList` varchar(100) DEFAULT NULL,
  `description` varchar(1000) DEFAULT NULL,
  `createdAt` datetime DEFAULT NULL,
  `fk_userId` int DEFAULT NULL,
  `fk_brandId` int DEFAULT NULL,
  `lastAccessedAt` datetime DEFAULT NULL,
  `isActive` tinyint(1) DEFAULT '1',
  PRIMARY KEY (`id`),
  KEY `project_user_idx` (`fk_userId`),
  KEY `idx_brand` (`fk_brandId`),
  CONSTRAINT `project_ibfk_1` FOREIGN KEY (`fk_brandId`) REFERENCES `brand` (`id`) ON DELETE CASCADE,
  CONSTRAINT `project_user` FOREIGN KEY (`fk_userId`) REFERENCES `user` (`id`)
) ENGINE=InnoDB AUTO_INCREMENT=57 DEFAULT CHARSET=utf8mb4 COLLATE=utf8mb4_0900_ai_ci;
/*!40101 SET character_set_client = @saved_cs_client */;

--
-- Dumping data for table `project`
--

LOCK TABLES `project` WRITE;
/*!40000 ALTER TABLE `project` DISABLE KEYS */;
INSERT INTO `project` VALUES (2,'유윤지','유윤지 - 2025-06-02 18:48','자기개발','https://www.instagram.com/ryudeee__/','user/project/20250606_044400_pm_내이미지1.webp','브랜드 홍보,신규 고객 확보,매출 증진','나는 마케터야. 저 url에 있는 류디라는 사람처럼 개인 브랜딩을 하고 싶어. 1인비즈니스로서 나에게 마케팅 의뢰가 왔으면 좋겠어. 콘텐츠 마케팅. 그런 콘텐츠를 제작해줘','2025-06-02 18:48:18',1,1,NULL,1),(5,'아몬드','아몬드 - 2025-06-03 11:03','지식 콘텐츠','https://mond.io.kr/','user/project/20250603_110356_am_아몬드_로고.png','신규 고객 확보,신제품 홍보,매출 증진,브랜드 홍보,팔로워 증가','아몬드는 마케팅 콘텐츠를 기획해주는 서비스로, 구독형 서비스야. 6월 첫 런칭을 시작으로 정식 베타 서비스는 8월에 런칭할 예정이야. 가장 중요한 건 특정한 마케팅 목적을 위해 콘텐츠 플래닝이 가능하단 서비스적 장점이 있어. AI가 발달하면서 온라인 안에서의 비즈니스는 좀 더 명확해졌다고 보여. 우리는 모두 온라인 프로필이 필요하고, 내 손안의 1인 마케터로서, 이를 홍보할 수 있는 수단이 필요해.','2025-06-03 11:03:56',7,4,NULL,1),(6,'초이닷','초이닷 - 2025-06-03 13:34','지식 콘텐츠','https://choiyoonhyuk.github.io/','user/project/20250603_013413_pm_OY2bJFfowVBTACwy9IhlGelartYQwNIpxr3mFK_tMWooD9Zk-SV29KztS04U_E8lvq_dc57iO2wELyzpJqIi-Q.webp','브랜드 홍보','이 세상이 시뮬레이션임을 알리고 싶읍니다','2025-06-03 13:34:13',8,5,NULL,1),(7,'화장품','화장품 - 2025-06-03 13:54','뷰티/미용','','','매출 증진','내가 로션을파는데 조금 네이처하고 이쁜 인스타그램 포스터 하나 만들어줘','2025-06-03 13:54:45',9,6,'2025-07-30 22:18:39',1),(8,'세이스피치 sayspeech','세이스피치 sayspeech - 2025-06-03 18:03','지식 콘텐츠','https://v0-eight-jade.vercel.app/','user/project/20250614_083142_am_스크린샷_2025-06-13_오후_5.49.47-removebg-preview.png,user/project/20250614_083142_am_log.png,user/project/20250614_083142_am_성인스피치.png,user/project/20250614_083142_am_어린이스피치.png,user/project/20250614_083142_am_청소년스피치.png','신규 고객 확보,팔로워 증가,브랜드 홍보','세이스피치는 기흥구에 있는 스피치 학원이야. 여기의 원장님인 서차연 원장 선생님은 전문 방송인 출신, 15년 경력의 스피치 전문가로, 세이스피치 & 커뮤니케이션 대표 원장,전 KBS, MBC, TBS 아나운서,現 세이스피치 대표/원장,,분당차병원, 대기업 등 다수 기관 출강,1:1 맞춤형 코칭 및 프레젠테이션 전문가야.\n\n방송 아나운서/MC/스피치 강사 경력. 기업/기관/병원 등 출강 다수 진행하셨고, 자격증 과정 및 프레젠테이션 전문가야. 진심을 전하는 스피치, 자신감을 키우는 교육에 능하신 분이야. 이런 점을 메인으로 강조해줘. 선생님 이미지보단 스피치에 관련된 비주얼로 콘텐츠를 만들어줘.','2025-06-03 18:03:15',10,7,NULL,1),(9,'아몬드 amond','아몬드 amond - 2025-06-04 12:57','지식 콘텐츠','http://mond.io.kr','user/project/20250604_125708_pm_IMG_5063.png,user/project/20250604_125708_pm_IMG_5064.png,user/project/20250604_125708_pm_IMG_5065.png,user/project/20250604_125708_pm_10.jpeg,user/project/20250604_125708_pm_IMG_4796.jpeg','매출 증진,신규 고객 확보','신규 상품 홍보. 단돈 5900원으로 서비스\n첫사용 가능. 인스타 콘텐츠 생성으로 마케팅을 더 간단하게','2025-06-04 12:57:08',11,8,NULL,1),(10,'와카와카','와카와카 - 2025-06-04 13:44','지식 콘텐츠','','','신규 고객 확보','앱얍','2025-06-04 13:44:40',12,9,NULL,1),(13,'램프쿡 자동회전냄비 더뉴일립스 25년형 SC-0020','램프쿡 자동회전냄비 더뉴일립스 25년형 SC-0020 - 2025-06-05 16:47','맛집/홈쿡','https://smartstore.naver.com/sunnycook1/products/11424220493?nl-query=%EB%9E%A8%ED%94%84%EC%BF%A1&nl-ts-pid=i%2FfCblqo1SCssBj9thZssssst5V-114107','user/project/20250605_044736_pm_Screenshot_2025-06-05_at_4.46.12_PM.png,user/project/20250605_044736_pm_Screenshot_2025-06-05_at_4.46.16_PM.png,user/project/20250605_044736_pm_Screenshot_2025-06-05_at_4.46.20_PM.png','매출 증진,신규 고객 확보,브랜드 홍보','생각을 돌리다\n요리를 돌리다\n램프쿡은 34년간의 주방기기 제조와 생산 경험을 바탕으로, 우리의 일상을 더욱 편리하게 만들고자 합니다.\n보다 편리하게 보다 안전하게 보다 맛있게\n램프쿡은 고객 여러분의 행복한 식사 시간을 책임질 수 있도록 최선을 다하겠습니다.','2025-06-05 16:47:36',15,12,NULL,1),(14,'felix&co','felix&co - 2025-06-05 20:26','패션','https://www.instagram.com/felix_nco/','user/project/20250610_051209_pm_스크린샷_2025-06-10_오후_5.09.47.png,user/project/20250610_051209_pm_스크린샷_2025-06-10_오후_5.09.58.png,user/project/20250610_051209_pm_스크린샷_2025-06-10_오후_5.10.08.png','신규 고객 확보,매출 증진,신제품 홍보',' Felix & Co New Collection\n은은한 핑크피치빛 광택, 그리고 사랑스러운 디테일.\n리본을 어깨와 스커트 라인 어디에든 연출할 수 있는 투웨이 드레스를 소개합니다.\n\n고급 새틴 소재와 풍성한 셔링 디테일이\n사랑스러움과 세련미를 동시에 담아냈어요.\n첫돌, 백일, 특별한 날의 주인공이 되어줄 완벽한 드레스.\n\n\n✈️좋은 인연으로 해외 고객님의 맞춤 의뢰를 받아\n정성껏 제작하게 된 드레스예요.\n원하시는 스타일에 맞춰 제작도 가능하니\n언제든지 편하게 문의 주세요❣️\n\n클래식한 무드에 섬세한 우아함을 더한 디자인.\n어깨를 감싸는 플라워 아플리케 장식이\n고급스러운 분위기를 완성해 줍니다✨\n\n실키한 광택감이 돋보이는 고급 원단과\n풍성하게 퍼지는 플레어 라인이 만나\n작은 공주님만을 위한 특별한 하루를 만들어 드려요.\n\nFelix & Co의 감성으로,\n잊지 못할 순간을 함께하세요?\n\n? 첫돌, 백일, 기념 촬영에 어울리는 드레스\n? 문의는 프로필 속 오픈채팅으로 편하게 주세요\n\n\n? 리본 위치는 자유롭게 연출 가능해요?\n\n상담문의는 프로필의 오픈채팅으로 부탁드려요??','2025-06-05 20:26:07',19,13,NULL,1),(16,'빙그레','빙그레 - 2025-06-06 19:32','맛집/홈쿡','','','매출 증진,신규 고객 확보,신제품 홍보','바나나맛 우유','2025-06-06 19:32:15',16,15,NULL,1),(17,'크뉴','크뉴 - 2025-06-08 20:32','맛집/홈쿡','','user/project/20250608_083221_pm_스크린샷_2025-06-08_오후_8.31.06.png','팔로워 증가','계절에 맞는 음식과 관련된 걸 올리고 싶어\n겨울에는 대방어라거나\n지금은 여름이니까 여름에 맞는 음식을 해줘','2025-06-08 20:32:21',17,16,NULL,1),(18,'ㄴ','ㄴ - 2025-06-10 14:23','맛집/홈쿡','https://naver.com','','팔로워 증가','ss','2025-06-10 14:23:18',25,17,NULL,1),(19,'원웰','원웰 - 2025-06-10 17:40','뷰티/미용','http://www.onewell.co.kr','user/project/20250610_054031_pm_74b6830913926de0353e2f37689be5b8.jpg,user/project/20250610_054031_pm_894a5c4a-cdd6-4e27-862d-29cea86cb67c.png,user/project/20250610_054031_pm_d0db6e5b4a291014b957769b34939c4d.jpg','브랜드 홍보,매출 증진,팔로워 증가','수돗물 잔류염소 제거 기능이 있는 유기농 효소 클렌저,\n기미제거 효과가 있는 선크림,\n미백효과가 있는 토너','2025-06-10 17:40:31',20,18,NULL,1),(20,'앤서로지','앤서로지 - 2025-06-10 21:38','뷰티/미용','http://www.ansology.co.kr','user/project/20250610_093801_pm_IMG_8099.JPG,user/project/20250610_093801_pm_IMG_8100.JPG,user/project/20250610_093801_pm_IMG_8101.JPG,user/project/20250610_093801_pm_IMG_8102.JPG,user/project/20250610_093801_pm_IMG_8103.JPG','신제품 홍보','7월 둘째주에 와디즈에 런칭 할 계획이야. 부드러운 클렌징밤 화장이 잘 지워지고 저자극, 모공 노폐물 98% 제거 기능을 설명하는 글 ','2025-06-10 21:38:01',21,19,NULL,1),(23,'타로마스터 연못?','타로마스터 연못? - 2025-06-23 11:10','기타','http://instagram.com/taromaster_yeonmot/','user/project/20250623_111031_am_스크린샷_2025-06-23_오전_11.08.51.png','신규 고객 확보,브랜드 홍보,팔로워 증가','다양한 타로 콘텐츠 사례를 알려줬으면 좋겠어. 내 목표는 팔로워를 늘리고 타로 상담 수를 늘리는 거야. ','2025-06-23 11:10:31',23,22,NULL,1),(30,'러닝','러닝 - 2025-07-08 13:26','건강/헬스','','','신제품 홍보','러닝 컨ㅌ텐츠\n','2025-07-08 13:26:32',13,29,NULL,1),(31,'러닝','러닝 - 2025-07-08 13:29','건강/헬스','','','팔로워 증가','ㄴㄴ','2025-07-08 13:29:03',13,29,NULL,1),(37,'minimute','minimute - 2025-07-12 18:44','패션','https://minitmute.com/','user/project/20250712_064419_pm_scraped-image-2.jpg,user/project/20250712_064419_pm_scraped-image-3.jpg,user/project/20250712_064419_pm_scraped-image-4.jpg,user/project/20250712_064419_pm_scraped-image-5.jpg,user/project/20250712_064419_pm_scraped-image-6.jpg','신규 고객 확보','여자 가방','2025-07-12 18:44:19',9,36,'2025-07-30 22:18:54',1),(38,'minimute','minimute - 2025-07-12 18:46','패션','https://minitmute.com/','user/project/20250712_064617_pm_scraped-image-2.jpg,user/project/20250712_064617_pm_scraped-image-3.jpg,user/project/20250712_064617_pm_scraped-image-4.jpg,user/project/20250712_064617_pm_scraped-image-5.jpg,user/project/20250712_064617_pm_scraped-image-6.jpg','신제품 홍보,신규 고객 확보','여성 의류','2025-07-12 18:46:17',9,36,'2025-07-30 22:18:51',1),(39,'nike','nike - 2025-07-17 11:09','건강/헬스','','','신제품 홍보','힙한 러닝 sns 광고','2025-07-17 11:09:47',9,38,'2025-07-30 22:18:30',1);
/*!40000 ALTER TABLE `project` ENABLE KEYS */;
UNLOCK TABLES;

--
-- Table structure for table `regenerateLog`
--

DROP TABLE IF EXISTS `regenerateLog`;
/*!40101 SET @saved_cs_client     = @@character_set_client */;
/*!40101 SET character_set_client = utf8 */;
CREATE TABLE `regenerateLog` (
  `id` int NOT NULL AUTO_INCREMENT,
  `caption` tinyint DEFAULT '0',
  `image` tinyint DEFAULT '0',
  `all` tinyint DEFAULT '0',
  `createdAt` datetime DEFAULT NULL,
  `fk_userId` int NOT NULL,
  PRIMARY KEY (`id`),
  KEY `regenerateLog_user_idx` (`fk_userId`),
  CONSTRAINT `regenerateLog_user` FOREIGN KEY (`fk_userId`) REFERENCES `user` (`id`)
) ENGINE=InnoDB AUTO_INCREMENT=8 DEFAULT CHARSET=utf8mb4 COLLATE=utf8mb4_0900_ai_ci;
/*!40101 SET character_set_client = @saved_cs_client */;

--
-- Dumping data for table `regenerateLog`
--

LOCK TABLES `regenerateLog` WRITE;
/*!40000 ALTER TABLE `regenerateLog` DISABLE KEYS */;
INSERT INTO `regenerateLog` VALUES (1,0,0,1,'2025-06-03 11:11:38',7),(2,0,0,1,'2025-06-03 13:59:25',9),(3,0,2,0,'2025-06-04 13:00:21',8),(4,2,0,2,'2025-06-05 15:20:46',10),(5,0,0,1,'2025-06-10 17:18:49',19),(6,0,0,1,'2025-06-23 11:21:38',23);
/*!40000 ALTER TABLE `regenerateLog` ENABLE KEYS */;
UNLOCK TABLES;

--
-- Table structure for table `user`
--

DROP TABLE IF EXISTS `user`;
/*!40101 SET @saved_cs_client     = @@character_set_client */;
/*!40101 SET character_set_client = utf8 */;
CREATE TABLE `user` (
  `id` int NOT NULL AUTO_INCREMENT,
  `authType` varchar(6) NOT NULL,
  `socialId` varchar(100) DEFAULT NULL,
  `password` varchar(200) DEFAULT NULL,
  `email` varchar(200) DEFAULT NULL,
  `emailDuplicate` varchar(200) DEFAULT NULL,
  `grade` varchar(20) DEFAULT 'basic' COMMENT 'Membership tier: basic, pro, business, premium',
  `status` varchar(5) DEFAULT NULL,
  `lastLoginAt` datetime DEFAULT NULL,
  `createdAt` datetime DEFAULT NULL,
  `membershipStartDate` datetime DEFAULT NULL COMMENT 'When current membership tier started',
  `membershipEndDate` datetime DEFAULT NULL COMMENT 'When current membership tier expires (NULL for basic/free)',
  `membershipStatus` enum('active','expired','cancelled') DEFAULT 'active' COMMENT 'Current membership status',
  `sessionToken` varchar(255) DEFAULT NULL,
  `tokenUpdatedAt` datetime DEFAULT NULL,
  PRIMARY KEY (`id`),
  KEY `idx_user_membership` (`grade`,`membershipStatus`,`membershipEndDate`),
  KEY `idx_user_session_token` (`sessionToken`)
) ENGINE=InnoDB AUTO_INCREMENT=29 DEFAULT CHARSET=utf8mb4 COLLATE=utf8mb4_0900_ai_ci;
/*!40101 SET character_set_client = @saved_cs_client */;

--
-- Dumping data for table `user`
--

LOCK TABLES `user` WRITE;
/*!40000 ALTER TABLE `user` DISABLE KEYS */;
INSERT INTO `user` VALUES (1,'이메일',NULL,'$2b$10$fEnayqT/HhnItnS7.Kvkj.CEs.zJZIAkmc1zFrw.5gLMhdGOAtgqK','U2FsdGVkX18aVUuilA6bxmMn+5JOiDqBQ13stTiwDSFhRRYtGpBQfpydQjW/DEo+','8cd34c5936997a0a1c74feb1e77e4e1367c783453734a7d262289bf2842c259c','A',NULL,'2025-06-24 11:45:34','2025-06-02 16:50:15',NULL,NULL,'active',NULL,NULL),(3,'구글','102467673931150003209','$2b$10$D.qq.cV9mNh0ZJQ3CJg.1eOdOm.5XS7LtTG0.T3hsYwWubr6bwVfK','U2FsdGVkX1/lPC9mIi10ZRor/uUsbvauE6pfkYUcEa5Hc/7lBUP/UPmfj6v89xhm','7e1c69255b94620654c23ca6d28c5f31320110ee2903afbba9fd35a8bc47c919','basic',NULL,'2025-06-02 16:53:45','2025-06-02 16:53:45',NULL,NULL,'active',NULL,NULL),(7,'구글','110077325256897389621',NULL,'U2FsdGVkX1+EnPoIj0ON98iMtcUJVvMRiUUbkJ0sl0SxFVwmfzTDIW+7HFXO/h3F','df7b580d4a248f49daf481c028390d2a3c1a7cfdbfadd44690fba79acb14cc49','basic',NULL,'2025-06-03 10:55:28','2025-06-03 10:08:21',NULL,NULL,'active',NULL,NULL),(8,'구글','110066641622655103304',NULL,'U2FsdGVkX199kZCx5Q9Zlq71G9R5rHVgIe5XtrQQF7nserkH03/GK1e6Y7nW28Tl','727a141f644ef2aad0f0865a7a7cbc3aa11265e07b30321f08b3d2a11b7cac9e','basic',NULL,'2025-06-04 13:12:19','2025-06-03 13:32:48',NULL,NULL,'active',NULL,NULL),(9,'카카오','4288833276','$2b$10$4R/eQ4NJXy16i6f8xzGi3eJORQ2BihzV/P0vUAziCgXnJbZxvZ45G',NULL,NULL,'pro',NULL,'2025-07-30 22:18:54','2025-06-03 13:53:50','2025-07-19 18:55:38','2025-08-19 18:55:38','active',NULL,NULL),(10,'카카오','4289200266',NULL,NULL,NULL,'basic',NULL,'2025-06-24 12:46:28','2025-06-03 18:03:37',NULL,NULL,'active',NULL,NULL),(11,'구글','109759725817869100990',NULL,'U2FsdGVkX18LI4OVkQUiwTJXXJnAzZiFXqEoxHvrjpFJr6GydPjyWCp6dY9ZXkJy','529060606960533952b28d86568118ee787f5824a87190931e1d44e6821ddeb8','basic',NULL,'2025-06-05 15:44:20','2025-06-04 12:57:21',NULL,NULL,'active',NULL,NULL),(12,'카카오','4290220688',NULL,NULL,NULL,'basic',NULL,'2025-06-04 13:46:49','2025-06-04 13:45:25',NULL,NULL,'active',NULL,NULL),(13,'구글','117922773349780109937',NULL,'U2FsdGVkX1/BcGWH/FL4AIm4Ym6vayhVAlatIulqcUm9YqLUrsAc6HWOAPq2qpmy','1c526640cc1bc0535822c9bf7091529db016255d9e2e1bd7b6de406c321131f5','basic',NULL,'2025-07-08 21:07:05','2025-06-04 21:05:26',NULL,NULL,'active',NULL,NULL),(14,'구글','106783517736142498021',NULL,'U2FsdGVkX1+jtJcQUxsEiX5Zgvk4ZSBEF44JRGcAmJFE+hg0Dv7nQOvR89b/Tm4l','76dab47c300e2d572de7c0b9ed3d97b22e5782e22f9670ecfe5602bb13b1b52b','basic',NULL,'2025-06-06 11:17:05','2025-06-05 15:45:27',NULL,NULL,'active',NULL,NULL),(15,'이메일',NULL,'$2b$10$BR65CVvB/zbr2tzOBQHfUOeP8MwMXows4QNNABQezfjK9b1ZmGZ1K','U2FsdGVkX1/t1v1+nB6k6aNsHkhRBL414/Fzp546XTAxMBHTKlOcyscANeeNwWiD','b771a9567b1ac39d9b55f8ad7983bbcf2ebdc28919060dda15c13cf4dac9827a','basic',NULL,NULL,'2025-06-05 16:48:07',NULL,NULL,'active',NULL,NULL),(16,'이메일',NULL,'$2b$10$FVQQ6DTKfERJDwGHWYGOQebHwtbc/DGG.KbV70ktcfvvZy162koUO','U2FsdGVkX19CmMWX9bfHeO8n4LOiPgkqWrw8i/ZmqQ4=','3cbf74a9e6218283cdfd8236f99bf5104a62c79eef262927a0c65ddb9cb3df25','basic',NULL,'2025-06-06 19:36:22','2025-06-06 16:21:36',NULL,NULL,'active',NULL,NULL),(17,'구글','105805698857131563810',NULL,'U2FsdGVkX1/4nwwl+TbPwZ0jbGVZeUTSdU4tu4ZpIE70P73DhuFwerP9nm09IPAb','932944acd6e59ac3b6ea97df866624273ec949aaf9725e37537c3e83ab5265da','basic',NULL,'2025-06-08 20:33:28','2025-06-08 20:33:04',NULL,NULL,'active',NULL,NULL),(19,'이메일',NULL,'$2b$10$pPrZrK6nwUsX9XWmtctlU.qVcj0APU7EKkMochDu0xez0BMwqcelu','U2FsdGVkX192fm5hoJTs8hnyzOO27TVIlwmJq2OczYAA+XjFWJ+/2pQ8IlrYVQyF','c9e936ca0c8744fa23a551265b9fbda6790eebfdf6ba7ce168d1d2ad8baa23fd','basic',NULL,NULL,'2025-06-10 17:08:27',NULL,NULL,'active',NULL,NULL),(20,'이메일',NULL,'$2b$10$89QSBAQllqp7yES3Wj0eKuH0mjgdO9c57ENRXSXeYmBVsVJC2fzC6','U2FsdGVkX1///tJBqHm8dvJZPbsM/GxTIXgMCrYf/EAcYKv8wQyijHGkX889ldBa','cd42a9e6ac1573482096a064402ca5b828c18e757105ef290e53a506c87513fd','basic',NULL,'2025-06-10 21:11:45','2025-06-10 17:32:39',NULL,NULL,'active',NULL,NULL),(21,'이메일',NULL,'$2b$10$vZjU35QeGXYv.f2qwCILou8T6QeJ/7v2FFZx.5TX9TeocrdnnVLby','U2FsdGVkX19qf+nwgyGxwIOHwoNYz9lrxBY0QImEqa9fSlfj9xtm9sgDOvstX6Wq','1b8ecfd6e9bdf58bd8dfb377932dc74a1f44de206708ca423493ef8b9719079f','basic',NULL,'2025-06-10 21:44:42','2025-06-10 21:32:01',NULL,NULL,'active',NULL,NULL),(22,'이메일',NULL,'$2b$10$52BDxohwL2OV5UKGqJL/GuZK1trGsY8hU1gyzghEtbtmgh0hkRYd2','U2FsdGVkX1/QA5BJVPHX3BkBFuAVSFbyi97z0ScjBPM5E/C8gTFJ31O3nSooUBhm','4d27a8aff373018ad434e2acf6c3027829cb2b7d01ff7b5337674bbacadb2ab9','basic',NULL,'2025-06-20 10:44:55','2025-06-19 15:35:34',NULL,NULL,'active',NULL,NULL),(23,'이메일',NULL,'$2b$10$KkRUZvS0Vfs2Sw3NxK6pEeA50ttjQ/1iiHityx9BtPbWDEsuMiNvy','U2FsdGVkX1+bcLt4HzzoSQULwHsOf3JIaFINr9ZignnIo35ElaZ1SZzMpAeNXTIk','ee2427ee908e93aeda4c40c0abbe7d98cff895a70791d5165e2c0f3451c840f5','basic',NULL,NULL,'2025-06-23 11:16:48',NULL,NULL,'active',NULL,NULL),(24,'이메일',NULL,'$2b$10$vXiqghQnpJfi8MJakEsleu1z.pCfkGGata32NoiUXUcye4I0m.mve','U2FsdGVkX19msdlp0DDrLp0ft57ddOQwpDzpa8hmrH1lcnNTFpzJgDduGxGNe3AE','8964d6a937958e119d5e930a7c2f3eed1089be53c3d32366cf249e976fc05650','pro',NULL,'2025-07-30 22:30:59','2025-07-08 13:35:06','2025-07-19 13:55:26','2025-08-19 13:55:26','cancelled','fms8rsth4U6VX2R0nUoWwWv8G3mbcDYA','2025-07-30 22:30:30'),(25,'이메일',NULL,'$2b$10$5AQNZwwmeLLom3b5G4NOE.hPlXJJaejyHBQ3VdCUxMt5WBpALFwzy','U2FsdGVkX1/hBYhJmVIW0FZZtkItd5pzDCBOE4ptSag=','a4ef46e711c986ea534c9c3d2a1fde303505b539ef5a7ec2a63f23a536d575d1','basic',NULL,'2025-07-09 16:30:54','2025-07-09 01:00:19',NULL,NULL,'active',NULL,NULL),(26,'이메일',NULL,'$2b$10$1sesKmXvqOe1dhJQABhJi..sLPqglE6VUL3WcEg/UJWHyt/S4Duva','U2FsdGVkX19iBjqhHVyhiZRVLqGItOvdLH3d5t25elQ=','bc70aade11ebf51cf0bbedb3fc8efc3e818a6d4687107dea45611ac872b400a0','basic',NULL,NULL,'2025-07-09 01:00:46',NULL,NULL,'active',NULL,NULL),(27,'이메일',NULL,'$2b$10$CVJ1czkXOU.niX1oHp84wO6nGFBlwHhqXL9kVUuuR0jW1pm8agpvO','U2FsdGVkX19jtGiNUWcx2kGDUHGx2W27jXQ0pbJkTjM=','621f230bb327e8061919186e2ba8e0054dc3decef2faaf198502ca40f3e92601','basic',NULL,'2025-07-31 19:06:36','2025-07-09 01:02:41',NULL,NULL,'active','PHfrW_FGQVcTDvscrvuJS5S9I431nvic','2025-07-30 23:26:53'),(28,'이메일',NULL,'$2b$10$9YioxUb25g7ZmxIX6FI4U.29ntaotbLZuguh6JnfAzph7gX8/i8Wi','U2FsdGVkX19MwQs0wNsZ+fM2GpxdbnFSI36t8I9BBYpZSFNtF6uhJIOUsbrDMvAW','973dfe463ec85785f5f95af5ba3906eedb2d931c24e69824a89ea65dba4e813b','basic',NULL,NULL,'2025-07-13 15:25:17',NULL,NULL,'active',NULL,NULL);
/*!40000 ALTER TABLE `user` ENABLE KEYS */;
UNLOCK TABLES;
/*!40103 SET TIME_ZONE=@OLD_TIME_ZONE */;

/*!40101 SET SQL_MODE=@OLD_SQL_MODE */;
/*!40014 SET FOREIGN_KEY_CHECKS=@OLD_FOREIGN_KEY_CHECKS */;
/*!40014 SET UNIQUE_CHECKS=@OLD_UNIQUE_CHECKS */;
/*!40101 SET CHARACTER_SET_CLIENT=@OLD_CHARACTER_SET_CLIENT */;
/*!40101 SET CHARACTER_SET_RESULTS=@OLD_CHARACTER_SET_RESULTS */;
/*!40101 SET COLLATION_CONNECTION=@OLD_COLLATION_CONNECTION */;
/*!40111 SET SQL_NOTES=@OLD_SQL_NOTES */;

-- Dump completed on 2025-07-31 19:15:45
